EntityKey,ParentEntityKey,ParentEntityLabel,EntityName,EntityDescription,EntityType,StartDate,Status
1,1,North America,Contoso Norteamérica,Contoso Norteamérica,Grupo,1996-07-31 00:00:00.000,Actual
2,2,Europe,Contoso Europa,Contoso Europa,Grupo,1997-02-26 00:00:00.000,Actual
3,3,Asia,Contoso Asia,Contoso Asia,Grupo,1997-12-12 00:00:00.000,Actual
4,1,América del Norte,Contoso Estados Unidos,Contoso Estados Unidos,País o región,1998-01-05 00:00:00.000,Actual
5,2,Europa,Contoso Reino Unido,Contoso Reino Unido,País o región,2000-06-30 00:00:00.000,Actual
6,2,Europa,Contoso Francia,Contoso Francia,País o región,1998-01-11 00:00:00.000,Actual
7,2,Europa,Contoso Italia,Contoso Italia,País o región,1998-01-20 00:00:00.000,Actual
8,2,Europa,Contoso Alemania,Contoso Alemania,País o región,1999-08-16 00:00:00.000,Actual
9,2,Europa,Contoso los Países Bajos,Contoso los Países Bajos,País o región,1998-01-26 00:00:00.000,Actual
10,2,Europa,Contoso Dinamarca,Contoso Dinamarca,País o región,1998-02-06 00:00:00.000,Actual
11,2,Europa,Contoso Suecia,Contoso Suecia,País o región,1998-02-06 00:00:00.000,Actual
12,2,Europa,Contoso España,Contoso España,País o región,1998-02-07 00:00:00.000,Actual
13,2,Europa,Contoso Eslovenia,Contoso Eslovenia,País o región,1998-02-24 00:00:00.000,Actual
14,2,Europa,Contoso Rumania,Contoso Rumania,País o región,1998-03-03 00:00:00.000,Actual
15,1,América del Norte,Contoso Canadá,Contoso Canadá,País o región,1999-01-07 00:00:00.000,Actual
16,2,Europa,Contoso Polonia,Contoso Polonia,País o región,1998-03-11 00:00:00.000,Actual
17,2,Europa,Contoso Malta,Contoso Malta,País o región,1998-03-23 00:00:00.000,Actual
18,2,Europa,Contoso Irlanda,Contoso Irlanda,País o región,1998-03-30 00:00:00.000,Actual
19,2,Europa,Contoso Grecia,Contoso Grecia,País o región,1998-04-11 00:00:00.000,Actual
20,3,Asia,Contoso Singapur,Contoso Singapur,País o región,1998-04-18 00:00:00.000,Actual
21,3,Asia,Contoso India,Contoso India,País o región,1998-04-29 00:00:00.000,Actual
22,3,Asia,Contoso Bután,Contoso Bután,País o región,1999-01-02 00:00:00.000,Actual
23,3,Asia,Contoso China,Contoso China,País o región,1999-01-02 00:00:00.000,Actual
24,3,Asia,Contoso Irán,Contoso Irán,País o región,1999-01-03 00:00:00.000,Actual
25,3,Asia,Contoso Siria,Contoso Siria,País o región,1999-01-03 00:00:00.000,Actual
26,3,Asia,Contoso Tailandia,Contoso Tailandia,País o región,1999-01-03 00:00:00.000,Actual
27,2,Europa,Contoso Rusia,Contoso Rusia,País o región,1999-01-04 00:00:00.000,Actual
28,3,Asia,Contoso Turkmenistán,Contoso Turkmenistán,País o región,1999-01-05 00:00:00.000,Actual
29,3,Asia,Contoso Pakistán,Contoso Pakistán,País o región,1999-01-05 00:00:00.000,Actual
30,3,Asia,Contoso Japón,Contoso Japón,País o región,1999-01-05 00:00:00.000,Actual
31,3,Asia,Contoso Corea del Sur,Contoso Corea del Sur,País o región,1999-01-06 00:00:00.000,Actual
32,3,Asia,Contoso Kirguistán,Contoso Kirguistán,País o región,1999-01-07 00:00:00.000,Actual
33,4,Estados Unidos,Contoso Washington,Contoso Washington,Estado,1999-01-07 00:00:00.000,Actual
34,4,Estados Unidos,Contoso Colorado,Contoso Colorado,Estado,1999-01-08 00:00:00.000,Actual
35,4,Estados Unidos,Contoso Wisconsin,Contoso Wisconsin,Estado,1999-01-08 00:00:00.000,Actual
36,4,Estados Unidos,Contoso Texas,Contoso Texas,Estado,1999-01-08 00:00:00.000,Actual
37,4,Estados Unidos,Contoso Florida,Contoso Florida,Estado,1999-01-08 00:00:00.000,Actual
38,4,Estados Unidos,Contoso Nueva York,Contoso Nueva York,Estado,1999-01-08 00:00:00.000,Actual
39,4,Estados Unidos,Contoso New Jersey,Contoso New Jersey,Estado,1999-01-09 00:00:00.000,Actual
40,4,Estados Unidos,Contoso Massachusetts,Contoso Massachusetts,Estado,1999-01-09 00:00:00.000,Actual
41,4,Estados Unidos,Contoso Maine,Contoso Maine,Estado,1999-01-10 00:00:00.000,Actual
42,4,Estados Unidos,Contoso Connecticut,Contoso Connecticut,Estado,1999-01-10 00:00:00.000,Actual
43,4,Estados Unidos,Contoso Virginia,Contoso Virginia,Estado,1999-01-10 00:00:00.000,Actual
44,4,Estados Unidos,Contoso Carolina del Sur,Contoso Carolina del Sur,Estado,1999-01-12 00:00:00.000,Actual
45,4,Estados Unidos,Contoso Maryland,Contoso Maryland,Estado,1999-01-13 00:00:00.000,Actual
46,5,Reino Unido,Contoso Inglaterra,Contoso Inglaterra,Estado,1999-01-13 00:00:00.000,Actual
47,5,Reino Unido,Contoso Escocia,Contoso Escocia,Estado,1999-01-13 00:00:00.000,Actual
48,23,China,Contoso Xinjiang,Contoso Xinjiang,Estado,1999-01-13 00:00:00.000,Actual
49,23,China,Contoso Shanghai,Contoso Shanghai,Estado,1999-01-14 00:00:00.000,Actual
50,23,China,Contoso Pekín,Contoso Pekín,Estado,1999-01-15 00:00:00.000,Actual
51,23,China,Contoso Guangdong,Contoso Guangdong,Estado,1999-01-15 00:00:00.000,Actual
52,3,Asia,Contoso Australia,Contoso Australia,País o región,1999-01-07 00:00:00.000,Actual
53,2,Europa,Contoso Suiza,Contoso Suiza,País o región,1998-04-11 00:00:00.000,Actual
54,4,Estados Unidos,Contoso Alaska,Contoso Alaska,Estado,1999-01-13 00:00:00.000,Actual
58,4,Estados Unidos,Almacén de catálogo de Contoso,Almacén de catálogo de Contoso,Almacén,2009-08-07 15:45:27.550,Actual
59,4,Estados Unidos,Tienda en línea en Norteamérica de Contoso,Tienda en línea en Norteamérica de Contoso,Almacén,2009-08-07 15:43:15.797,Actual
60,15,Canadá,Contoso Ontario,Contoso Ontario,Estado,1999-02-14 00:00:00.000,Actual
61,15,Canadá,Contoso Quebec,Contoso Quebec,Estado,1999-02-14 00:00:00.000,Actual
62,15,Canadá,Contoso Columbia Británica,Contoso Columbia Británica,Estado,1999-02-14 00:00:00.000,Actual
63,15,Canadá,Contoso Alberta,Contoso Alberta,Estado,1999-02-14 00:00:00.000,Actual
571,6,Francia ,Contoso Ile-del-France,Contoso Ile-del-France,Estado,1999-01-15 00:00:00.000,Actual
572,6,Francia,Contoso Provence-Alpes-Côte d'Azur,Contoso Provence-Alpes-Côte d'Azur,Estado,1999-01-16 00:00:00.000,Actual
573,6,Francia,Contoso Rhone-Alpes,Contoso Rhone-Alpes,Estado,1999-01-16 00:00:00.000,Actual
574,6,Francia,Contoso Midi-Pyrénées,Contoso Midi-Pyrénées,Estado,1999-01-16 00:00:00.000,Actual
575,6,Francia,Contoso Provence-Alpes-costa d'Azur,Contoso Provence-Alpes-costa d'Azur,Estado,1999-01-17 00:00:00.000,Actual
576,6,Francia,Contoso Pays de la Loire,Contoso Pays de la Loire,Estado,1999-01-17 00:00:00.000,Actual
577,6,Francia,Contoso Alsacia,Contoso Alsacia,Estado,1999-01-18 00:00:00.000,Actual
578,7,Italia ,Contoso Roma,Contoso Roma,Estado,1999-01-18 00:00:00.000,Actual
579,7,Italia ,Contoso Venecia,Contoso Venecia,Estado,1999-01-18 00:00:00.000,Actual
580,7,Italia ,Contoso Provincia de Florencia,Contoso Provincia de Florencia,Estado,1999-01-19 00:00:00.000,Actual
581,7,Italia ,Contoso Provincia de Turín,Contoso Provincia de Turín,Estado,1999-01-20 00:00:00.000,Actual
582,7,Italia ,Contoso Lombardía,Contoso Lombardía,Estado,1999-01-20 00:00:00.000,Actual
583,7,Italia ,Contoso Campania,Contoso Campania,Estado,1999-01-22 00:00:00.000,Actual
584,8,Alemania,Contoso Berlín,Contoso Berlín,Estado,1999-01-23 00:00:00.000,Actual
587,8,Alemania,Contoso Hesse,Contoso Hesse,Estado,1999-01-24 00:00:00.000,Actual
590,8,Alemania,Contoso North Rhine-Westphalia,Contoso North Rhine-Westphalia,Estado,1999-01-26 00:00:00.000,Actual
592,8,Alemania,Contoso Rhineland-Palatinate,Contoso Rhineland-Palatinate,Estado,1999-01-26 00:00:00.000,Actual
594,8,Alemania,Contoso Bavaria,Contoso Bavaria,Estado,1999-01-27 00:00:00.000,Actual
596,9,Contoso los Países Bajos,Contoso North Holland,Contoso North Holland,Estado,1999-01-28 00:00:00.000,Actual
597,10,Dinamarca,Contoso Copenhague,Contoso Copenhague,Estado,1999-01-28 00:00:00.000,Actual
598,11,Suecia ,Contoso Estocolmo,Contoso Estocolmo,Estado,1999-01-29 00:00:00.000,Actual
599,12,España,Contoso Madrid,Contoso Madrid,Estado,1999-01-29 00:00:00.000,Actual
600,13,Eslovenia,Contoso Liubliana,Contoso Liubliana,Estado,1999-01-30 00:00:00.000,Actual
601,14,Rumania ,Contoso Bucarest,Contoso Bucarest,Estado,1999-01-30 00:00:00.000,Actual
602,53,Berne ,Contoso Berna,Contoso Berna,Estado,1999-02-01 00:00:00.000,Actual
603,16,Polonia ,Contoso Warszawa,Contoso Warszawa,Estado,1999-02-02 00:00:00.000,Actual
604,17,Malta,Contoso Valletta,Contoso Valletta,Estado,1999-02-02 00:00:00.000,Actual
605,18,Irlanda ,Contoso Leinster,Contoso Leinster,Estado,1999-02-03 00:00:00.000,Actual
606,19,Grecia ,Contoso Grecia central y Evvoia,Contoso Grecia central y Evvoia,Estado,1999-02-03 00:00:00.000,Actual
607,20,Singapur ,Contoso Singapur,Contoso Singapur,Estado,1999-02-03 00:00:00.000,Actual
608,21,India ,Territorio de la capital de Contoso India,Territorio de la capital de nacionales de Delhi,Estado,1999-02-04 00:00:00.000,Actual
609,21,India,Contoso Maharashtra,Contoso Maharashtra,Estado,1999-02-04 00:00:00.000,Actual
610,21,India,Contoso Bengala Occidental,Contoso Bengala Occidental,Estado,1999-02-05 00:00:00.000,Actual
611,22,Bután,Contoso Distrito de Thimphu,Contoso Distrito de Thimphu,Estado,1999-02-05 00:00:00.000,Actual
612,23,China,Contoso Hong Kong,Contoso Hong Kong,Estado,1999-02-05 00:00:00.000,Actual
613,24,Irán ,Contoso Teherán,Contoso Teherán,Estado,1999-02-05 00:00:00.000,Actual
614,25,Siria ,Contoso Damasco,Contoso Damasco,Estado,1999-02-06 00:00:00.000,Actual
615,26,Tailandia,Contoso Bangkok,Contoso Bangkok,Estado,1999-02-07 00:00:00.000,Actual
616,27,Rusia,Contoso Distrito Federal Central,Contoso Distrito Federal Central,Estado,1999-02-07 00:00:00.000,Actual
617,28,Turkmenistán ,Contoso Provincia de Ahal,Contoso Provincia de Ahal,Estado,1999-02-08 00:00:00.000,Actual
618,29,Pakistán,Contoso Territorio de la capital de Islamabad,Contoso Territorio de la capital de Islamabad,Estado,2001-10-02 00:00:00.000,Actual
620,30,Japón,Contoso Kanto,Contoso Kanto,Estado,1999-02-09 00:00:00.000,Actual
625,30,Japón,Contoso Hokkaido,Contoso Hokkaido,Estado,1999-02-13 00:00:00.000,Actual
626,30,Japón,Contoso Kansai,Contoso Kansai,Estado,1999-02-13 00:00:00.000,Actual
627,30,Japón,Contoso Chubu,Contoso Chubu,Estado,1999-02-13 00:00:00.000,Actual
628,31,Corea del Sur,Contoso Seúl,Contoso Seúl,Estado,1999-02-13 00:00:00.000,Actual
629,31,Corea del Sur,Contoso Busan,Contoso Busan,Estado,1999-02-13 00:00:00.000,Actual
630,32,Kirguistán,Contoso Provincia de Chui,Contoso Provincia de Chui,Estado,1999-02-14 00:00:00.000,Actual
631,52,Armenia,Contoso Armenia,Contoso Armenia,Estado,1999-02-14 00:00:00.000,Actual
632,52,Australia,Contoso Nueva Gales del Sur,Contoso Nueva Gales del Sur,Estado,1999-02-14 00:00:00.000,Actual
633,52,Australia,Contoso Territorio de la capital australiana,Contoso Territorio de la capital australiana,Estado,1999-02-14 00:00:00.000,Actual
635,33,Washington,Almacén nº 1 en Seattle de Contoso,Almacén nº 1 en Seattle de Contoso,Almacén,1999-02-17 00:00:00.000,Actual
636,33,Washington,Almacén nº 2 en Seattle de Contoso,Almacén nº 2 en Seattle de Contoso,Almacén,1999-02-17 00:00:00.000,Actual
638,33,Washington,Almacén en Bellevue de Contoso,Almacén en Bellevue de Contoso,Almacén,1999-02-18 00:00:00.000,Actual
639,33,Washington,Almacén en Redmond de Contoso,Almacén en Redmond de Contoso,Almacén,1999-02-18 00:00:00.000,Actual
640,33,Washington,Almacén en Yakima de Contoso,Almacén en Yakima de Contoso,Almacén,1999-02-19 00:00:00.000,Actual
641,33,Washington,Almacén en Granger de Contoso,Almacén en Granger de Contoso,Almacén,1999-02-19 00:00:00.000,Actual
642,33,Washington,Almacén en Sunnyside de Contoso,Almacén en Sunnyside de Contoso,Almacén,1999-02-21 00:00:00.000,Actual
643,33,Washington,Almacén en Toppenish de Contoso,Almacén en Toppenish de Contoso,Almacén,1999-02-21 00:00:00.000,Actual
644,33,Washington,Almacén en Wapato de Contoso,Almacén en Wapato de Contoso,Almacén,1999-02-22 00:00:00.000,Actual
645,33,Washington,Almacén en Cle Elum de Contoso,Almacén en Cle Elum de Contoso,Almacén,1999-02-22 00:00:00.000,Actual
646,33,Washington,Almacén en North Bend de Contoso,Almacén en North Bend de Contoso,Almacén,1999-02-22 00:00:00.000,Actual
647,33,Washington,Almacén en Snoqualmie de Contoso,Almacén en Snoqualmie de Contoso,Almacén,1999-02-23 00:00:00.000,Actual
648,33,Washington,Almacén en Fall City de Contoso,Almacén en Fall City de Contoso,Almacén,1999-02-23 00:00:00.000,Actual
649,33,Washington,Almacén en Renton de Contoso,Almacén en Renton de Contoso,Almacén,1999-02-23 00:00:00.000,Actual
650,33,Washington,Almacén en Everett de Contoso,Almacén en Everett de Contoso,Almacén,1999-02-23 00:00:00.000,Actual
651,33,Washington,Almacén en Spokane de Contoso,Almacén en Spokane de Contoso,Almacén,1999-02-24 00:00:00.000,Actual
652,33,Washington,Almacén en Veradale de Contoso,Almacén en Veradale de Contoso,Almacén,1999-02-25 00:00:00.000,Actual
653,33,Washington,Almacén en Cheney de Contoso,Almacén en Cheney de Contoso,Almacén,1999-02-26 00:00:00.000,Actual
654,34,Colorado,Almacén en Englewood de Contoso,Almacén en Englewood de Contoso,Almacén,1999-02-27 00:00:00.000,Actual
655,34,Colorado,Almacén en Wheat Ridge de Contoso,Almacén en Wheat Ridge de Contoso,Almacén,1999-02-27 00:00:00.000,Actual
656,34,Colorado,Almacén en Westminster de Contoso,Almacén en Westminster de Contoso,Almacén,1999-02-28 00:00:00.000,Actual
657,34,Colorado,Almacén en Grand Junction de Contoso,Almacén en Grand Junction de Contoso,Almacén,1999-02-28 00:00:00.000,Actual
658,34,Colorado,Almacén en New Castle de Contoso,Almacén en New Castle de Contoso,Almacén,1999-02-28 00:00:00.000,Actual
659,34,Colorado,Almacén nº 1 en Greeley de Contoso,Almacén nº 1 en Greeley de Contoso,Almacén,1999-03-02 00:00:00.000,Actual
660,34,Colorado,Almacén en Loveland de Contoso,Almacén en Loveland de Contoso,Almacén,1999-03-02 00:00:00.000,Actual
661,34,Colorado,Almacén en Lafayette de Contoso,Almacén en Lafayette de Contoso,Almacén,1999-03-03 00:00:00.000,Actual
662,34,Colorado,Almacén en Castle Rock de Contoso,Almacén en Castle Rock de Contoso,Almacén,1999-03-04 00:00:00.000,Actual
663,34,Colorado,Almacén en Sedalia de Contoso,Almacén en Sedalia de Contoso,Almacén,2003-12-15 00:00:00.000,Actual
664,34,Colorado,Contoso Fort Collins almacén,Contoso Fort Collins almacén,Almacén,1999-03-04 00:00:00.000,Actual
665,34,Colorado,Almacén nº 2 en Greeley de Contoso,Almacén nº 2 en Greeley de Contoso,Almacén,1999-03-04 00:00:00.000,Actual
666,34,Colorado,Almacén en Milliken de Contoso,Almacén en Milliken de Contoso,Almacén,1999-03-05 00:00:00.000,Actual
667,34,Colorado,Almacén en Berthoud de Contoso,Almacén en Berthoud de Contoso,Almacén,1999-03-06 00:00:00.000,Actual
668,34,Colorado,Almacén nº 1 en Denver de Contoso,Almacén nº 1 en Denver de Contoso,Almacén,1999-03-06 00:00:00.000,Actual
669,34,Colorado,Almacén nº 2 en Denver de Contoso,Almacén nº 2 en Denver de Contoso,Almacén,1999-03-06 00:00:00.000,Actual
670,34,Colorado,Almacén nº 3 en Denver de Contoso,Almacén nº 3 en Denver de Contoso,Almacén,1999-03-07 00:00:00.000,Actual
671,34,Colorado,Almacén en Boulder de Contoso,Almacén en Boulder de Contoso,Almacén,1999-03-07 00:00:00.000,Actual
672,34,Colorado,Almacén en Thornton de Contoso,Almacén en Thornton de Contoso,Almacén,1999-03-07 00:00:00.000,Actual
673,34,Colorado,Almacén en Littleton de Contoso,Almacén en Littleton de Contoso,Almacén,1999-03-08 00:00:00.000,Actual
674,34,Colorado,Almacén en Aurora de Contoso,Almacén en Aurora de Contoso,Almacén,1999-03-08 00:00:00.000,Actual
675,34,Colorado,Almacén en Parker de Contoso,Almacén en Parker de Contoso,Almacén,1999-03-09 00:00:00.000,Actual
676,35,Wisconsin,Almacén en Green Bay de Contoso,Almacén en Green Bay de Contoso,Almacén,1999-03-09 00:00:00.000,Actual
677,35,Wisconsin,Almacén en Appleton de Contoso,Almacén en Appleton de Contoso,Almacén,1999-03-10 00:00:00.000,Actual
678,35,Wisconsin,Almacén en Menasha de Contoso,Almacén en Menasha de Contoso,Almacén,1999-03-12 00:00:00.000,Actual
679,35,Wisconsin,Almacén en Oshkosh de Contoso,Almacén en Oshkosh de Contoso,Almacén,1999-03-12 00:00:00.000,Actual
680,35,Wisconsin,Almacén en Fond du lac de Contoso,Almacén en Fond du lac de Contoso,Almacén,1999-03-12 00:00:00.000,Actual
681,35,Wisconsin,Almacén nº 1 en Milwaukee de Contoso,Almacén nº 1 en Milwaukee de Contoso,Almacén,1999-03-12 00:00:00.000,Actual
682,35,Wisconsin,Almacén nº 2 en Milwaukee de Contoso,Almacén nº 2 en Milwaukee de Contoso,Almacén,1999-03-12 00:00:00.000,Actual
683,35,Wisconsin,Almacén nº 3 en Milwaukee de Contoso,Almacén nº 3 en Milwaukee de Contoso,Almacén,1999-03-13 00:00:00.000,Actual
684,35,Wisconsin,Almacén nº 1 en Waukesha de Contoso,Almacén nº 1 en Waukesha de Contoso,Almacén,1999-03-13 00:00:00.000,Actual
685,35,Wisconsin,Almacén nº 1 en Racine de Contoso,Almacén nº 1 en Racine de Contoso,Almacén,1999-03-14 00:00:00.000,Actual
686,35,Wisconsin,Almacén en Burlington de Contoso,Almacén en Burlington de Contoso,Almacén,1999-03-14 00:00:00.000,Actual
687,35,Wisconsin,Almacén en East Troy de Contoso,Almacén en East Troy de Contoso,Almacén,1999-03-14 00:00:00.000,Actual
688,35,Wisconsin,Almacén nº 2 en Waukesha de Contoso,Almacén nº 2 en Waukesha de Contoso,Almacén,1999-03-15 00:00:00.000,Actual
689,45,Maryland,Almacén en Germantown de Contoso,Almacén en Germantown de Contoso,Almacén,1999-03-15 00:00:00.000,Actual
691,35,Wisconsin,Almacén en Port Washington de Contoso,Almacén en Port Washington de Contoso,Almacén,1999-03-17 00:00:00.000,Actual
692,35,Wisconsin,Almacén en Sheboygan de Contoso,Almacén en Sheboygan de Contoso,Almacén,1999-03-17 00:00:00.000,Actual
693,35,Wisconsin,Almacén en Manitowoc de Contoso,Almacén en Manitowoc de Contoso,Almacén,1999-03-17 00:00:00.000,Actual
694,35,Wisconsin,Almacén en Madison de Contoso,Almacén en Madison de Contoso,Almacén,1999-03-18 00:00:00.000,Actual
695,35,Wisconsin,Almacén en Oregón de Contoso,Almacén en Oregón de Contoso,Almacén,1999-03-19 00:00:00.000,Actual
696,35,Wisconsin,Almacén en Stoughton de Contoso,Almacén en Stoughton de Contoso,Almacén,1999-03-19 00:00:00.000,Actual
697,35,Wisconsin,Almacén en Edgerton de Contoso,Almacén en Edgerton de Contoso,Almacén,1999-03-19 00:00:00.000,Actual
698,35,Wisconsin,Almacén en Fort Atkinson de Contoso,Almacén en Fort Atkinson de Contoso,Almacén,1999-03-20 00:00:00.000,Actual
699,35,Wisconsin,Almacén nº 2 en Racine de Contoso,Almacén nº 2 en Racine de Contoso,Almacén,1999-03-20 00:00:00.000,Actual
700,36,Texas,Almacén nº 1 en Houston de Contoso,Almacén nº 1 en Houston de Contoso,Almacén,1999-03-20 00:00:00.000,Actual
701,36,Texas,Almacén nº 2 en Houston de Contoso,Almacén nº 2 en Houston de Contoso,Almacén,1999-03-22 00:00:00.000,Actual
702,36,Texas,Almacén nº 3 en Houston de Contoso,Almacén nº 3 en Houston de Contoso,Almacén,1999-03-22 00:00:00.000,Actual
703,36,Texas,Almacén nº 4 en Houston de Contoso,Almacén nº 4 en Houston de Contoso,Almacén,1999-03-23 00:00:00.000,Actual
704,36,Texas,Almacén en Midland de Contoso,Almacén en Midland de Contoso,Almacén,1999-03-24 00:00:00.000,Actual
705,36,Texas,Almacén en Russellville de Contoso,Almacén en Russellville de Contoso,Almacén,1999-03-24 00:00:00.000,Actual
706,36,Texas,Almacén en Minden de Contoso,Almacén en Minden de Contoso,Almacén,1999-03-25 00:00:00.000,Actual
707,36,Texas,Almacén en Shreveport de Contoso,Almacén en Shreveport de Contoso,Almacén,1999-03-25 00:00:00.000,Actual
708,36,Texas,Almacén en Marshall de Contoso,Almacén en Marshall de Contoso,Almacén,1999-03-26 00:00:00.000,Actual
709,36,Texas,Almacén en Longview de Contoso,Almacén en Longview de Contoso,Almacén,1999-03-26 00:00:00.000,Actual
710,36,Texas,Almacén nº 1 en Beaumont de Contoso,Almacén nº 1 en Beaumont de Contoso,Almacén,1999-03-27 00:00:00.000,Actual
711,36,Texas,Almacén en Orange de Contoso,Almacén en Orange de Contoso,Almacén,1999-03-27 00:00:00.000,Actual
712,36,Texas,Almacén nº 2 en Beaumont de Contoso,Almacén nº 2 en Beaumont de Contoso,Almacén,1999-03-27 00:00:00.000,Actual
713,36,Texas,Almacén en Baytown de Contoso,Almacén en Baytown de Contoso,Almacén,1999-03-28 00:00:00.000,Actual
714,36,Texas,Almacén en La Porte de Contoso,Almacén en La Porte de Contoso,Almacén,1999-03-29 00:00:00.000,Actual
715,36,Texas,Almacén en Bacliff de Contoso,Almacén en Bacliff de Contoso,Almacén,1999-03-29 00:00:00.000,Actual
716,36,Texas,Almacén en Texas City de Contoso,Almacén en Texas City de Contoso,Almacén,1999-03-30 00:00:00.000,Actual
717,36,Texas,Almacén en Pasadena de Contoso,Almacén en Pasadena de Contoso,Almacén,1999-03-30 00:00:00.000,Actual
718,36,Texas,Almacén en Humble de Contoso,Almacén en Humble de Contoso,Almacén,1999-03-30 00:00:00.000,Actual
719,36,Texas,Almacén en Spring de Contoso,Almacén en Spring de Contoso,Almacén,1999-03-30 00:00:00.000,Actual
720,36,Texas,Almacén en Austin de Contoso,Almacén en Austin de Contoso,Almacén,1999-03-30 00:00:00.000,Actual
721,36,Texas,Almacén en San Antonio de Contoso,Almacén en San Antonio de Contoso,Almacén,1999-04-01 00:00:00.000,Actual
722,36,Texas,Almacén en Cedar Park de Contoso,Almacén en Cedar Park de Contoso,Almacén,1999-04-01 00:00:00.000,Actual
723,36,Texas,Almacén en Round Rock de Contoso,Almacén en Round Rock de Contoso,Almacén,1999-04-01 00:00:00.000,Actual
724,36,Texas,Almacén en Dallas de Contoso,Almacén en Dallas de Contoso,Almacén,1999-04-02 00:00:00.000,Actual
725,36,Texas,Almacén en Georgetown de Contoso,Almacén en Georgetown de Contoso,Almacén,1999-04-03 00:00:00.000,Actual
726,36,Texas,Almacén en Hillsboro de Contoso,Almacén en Hillsboro de Contoso,Almacén,1999-04-03 00:00:00.000,Actual
727,36,Texas,Almacén en Arlington de Contoso,Almacén en Arlington de Contoso,Almacén,1999-04-04 00:00:00.000,Actual
728,36,Texas,Almacén en Grand Prairie de Contoso,Almacén en Grand Prairie de Contoso,Almacén,1999-04-04 00:00:00.000,Actual
729,36,Texas,Almacén en Desoto de Contoso,Almacén en Desoto de Contoso,Almacén,1999-04-04 00:00:00.000,Actual
730,36,Texas,Almacén en Richardson de Contoso,Almacén en Richardson de Contoso,Almacén,1999-04-05 00:00:00.000,Actual
731,36,Texas,Almacén en Lewisville de Contoso,Almacén en Lewisville de Contoso,Almacén,1999-04-06 00:00:00.000,Actual
732,36,Texas,Almacén en Denton de Contoso,Almacén en Denton de Contoso,Almacén,1999-04-06 00:00:00.000,Actual
733,36,Texas,Almacén en Fort Worth de Contoso,Almacén en Fort Worth de Contoso,Almacén,1999-04-06 00:00:00.000,Actual
734,36,Texas,Almacén en Plano de Contoso,Almacén en Plano de Contoso,Almacén,1999-04-07 00:00:00.000,Actual
735,37,Florida,Almacén nº 1 en Miami de Contoso,Almacén nº 1 en Miami de Contoso,Almacén,1999-04-07 00:00:00.000,Actual
736,37,Florida,Almacén nº 2 en Miami de Contoso,Almacén nº 2 en Miami de Contoso,Almacén,1999-04-08 00:00:00.000,Actual
737,37,Florida,Almacén en Jacksonville de Contoso,Almacén en Jacksonville de Contoso,Almacén,1999-04-08 00:00:00.000,Actual
738,37,Florida,Almacén nº 1 en Tallahassee de Contoso,Almacén nº 1 en Tallahassee de Contoso,Almacén,1999-04-09 00:00:00.000,Actual
739,37,Florida,Almacén nº 2 en Tallahassee de Contoso,Almacén nº 2 en Tallahassee de Contoso,Almacén,1999-04-09 00:00:00.000,Actual
741,37,Florida,Almacén en Sebring de Contoso,Almacén en Sebring de Contoso,Almacén,2000-01-03 00:00:00.000,Actual
742,37,Florida,Almacén en Lakeland de Contoso,Almacén en Lakeland de Contoso,Almacén,2000-01-04 00:00:00.000,Actual
743,37,Florida,Almacén en Fort Lauderdale de Contoso,Almacén en Fort Lauderdale de Contoso,Almacén,2000-01-07 00:00:00.000,Actual
744,37,Florida,Almacén en Orlando de Contoso,Almacén en Orlando de Contoso,Almacén,2000-01-12 00:00:00.000,Actual
745,37,Florida,Almacén en Tampa de Contoso,Almacén en Tampa de Contoso,Almacén,2000-01-12 00:00:00.000,Actual
746,37,Florida,Almacén en Key West de Contoso,Almacén en Key West de Contoso,Almacén,2000-01-18 00:00:00.000,Actual
747,37,Florida,Almacén en Cabo Cañaveral de Contoso,Almacén en Cabo Cañaveral de Contoso,Almacén,2000-01-19 00:00:00.000,Actual
748,38,Nueva York,Almacén en Albania de Contoso,Almacén en Albania de Contoso,Almacén,2000-01-22 00:00:00.000,Actual
749,38,Nueva York,Almacén nº 1 en Nueva York de Contoso,Almacén nº 1 en Nueva York de Contoso,Almacén,2000-01-23 00:00:00.000,Actual
750,38,Nueva York,Almacén nº 1 en Rochester de Contoso,Almacén nº 1 en Rochester de Contoso,Almacén,2000-01-26 00:00:00.000,Actual
751,38,Nueva York,Almacén nº 2 en Nueva York de Contoso,Almacén nº 2 en Nueva York de Contoso,Almacén,2000-01-26 00:00:00.000,Actual
752,38,Nueva York,Almacén en Siracusa de Contoso,Almacén en Siracusa de Contoso,Almacén,2000-01-30 00:00:00.000,Actual
753,38,Nueva York,Almacén en Buffalo de Contoso,Almacén en Buffalo de Contoso,Almacén,2000-02-02 00:00:00.000,Actual
754,38,Nueva York,Almacén en Plattsburgh de Contoso,Almacén en Plattsburgh de Contoso,Almacén,2000-02-05 00:00:00.000,Actual
755,38,Nueva York,Almacén en Brooklyn de Contoso,Almacén en Brooklyn de Contoso,Almacén,2000-02-07 00:00:00.000,Actual
756,38,Nueva York,Almacén en Oswego de Contoso,Almacén en Oswego de Contoso,Almacén,2000-02-12 00:00:00.000,Actual
757,38,Nueva York,Almacén en Ithaca de Contoso,Almacén en Ithaca de Contoso,Almacén,2000-02-13 00:00:00.000,Actual
758,38,Nueva York,Almacén nº 2 en Rochester de Contoso,Almacén nº 2 en Rochester de Contoso,Almacén,2000-02-17 00:00:00.000,Actual
759,38,Nueva York,Almacén en Queens de Contoso,Almacén en Queens de Contoso,Almacén,2000-02-18 00:00:00.000,Actual
760,38,Nueva York,Almacén en Elmira de Contoso,Almacén en Elmira de Contoso,Almacén,2000-02-23 00:00:00.000,Actual
761,38,Nueva York,Almacén en Poestenkill de Contoso,Almacén en Poestenkill de Contoso,Almacén,2000-02-24 00:00:00.000,Actual
762,39,New Jersey,Almacén nº 1 en Trenton de Contoso,Almacén nº 1 en Trenton de Contoso,Almacén,2000-02-25 00:00:00.000,Actual
763,39,New Jersey,Almacén nº 2 en Trenton de Contoso,Almacén nº 2 en Trenton de Contoso,Almacén,2000-02-25 00:00:00.000,Actual
764,39,New Jersey,Almacén nº 1 en Newark de Contoso,Almacén nº 1 en Newark de Contoso,Almacén,2000-02-28 00:00:00.000,Actual
765,39,New Jersey,Almacén nº 2 en Newark de Contoso,Almacén nº 2 en Newark de Contoso,Almacén,2000-02-28 00:00:00.000,Actual
766,39,New Jersey,Almacén en Jersey City de Contoso,Almacén en Jersey City de Contoso,Almacén,2000-03-01 00:00:00.000,Actual
767,39,New Jersey,Almacén en Paterson de Contoso,Almacén en Paterson de Contoso,Almacén,2000-03-03 00:00:00.000,Actual
768,39,New Jersey,Almacén en Clifton de Contoso,Almacén en Clifton de Contoso,Almacén,2000-03-04 00:00:00.000,Actual
769,39,New Jersey,Almacén en East Orange de Contoso,Almacén en East Orange de Contoso,Almacén,2000-03-08 00:00:00.000,Actual
770,39,New Jersey,Almacén en Passaic de Contoso,Almacén en Passaic de Contoso,Almacén,2000-03-08 00:00:00.000,Actual
771,39,New Jersey,Almacén en Bayonne de Contoso,Almacén en Bayonne de Contoso,Almacén,2000-03-11 00:00:00.000,Actual
772,39,New Jersey,Almacén en Vineland de Contoso,Almacén en Vineland de Contoso,Almacén,2000-03-15 00:00:00.000,Actual
773,39,New Jersey,Almacén en New Brunswick de Contoso,Almacén en New Brunswick de Contoso,Almacén,2000-03-16 00:00:00.000,Actual
774,39,New Jersey,Almacén en Hackensack de Contoso,Almacén en Hackensack de Contoso,Almacén,2000-03-19 00:00:00.000,Actual
775,39,New Jersey,Almacén en Atlantic City de Contoso,Almacén en Atlantic City de Contoso,Almacén,2000-03-23 00:00:00.000,Actual
776,39,New Jersey,Almacén en Montclair de Contoso,Almacén en Montclair de Contoso,Almacén,2000-03-26 00:00:00.000,Actual
777,39,New Jersey,Almacén en Hobok de Contoso,Almacén en Hobok de Contoso,Almacén,2000-03-26 00:00:00.000,Actual
778,39,New Jersey,Almacén en Morristown de Contoso,Almacén en Morristown de Contoso,Almacén,2000-03-26 00:00:00.000,Actual
779,39,New Jersey,Almacén en Cape May de Contoso,Almacén en Cape May de Contoso,Almacén,2000-03-30 00:00:00.000,Actual
780,40,Massachusetts,Almacén en Boston de Contoso,Almacén en Boston de Contoso,Almacén,2000-04-03 00:00:00.000,Actual
781,40,Massachusetts,Almacén nº 1 en Worcester de Contoso,Almacén nº 1 en Worcester de Contoso,Almacén,2000-04-04 00:00:00.000,Actual
782,40,Massachusetts,Almacén nº 2 en Worcester de Contoso,Almacén nº 2 en Worcester de Contoso,Almacén,2000-04-05 00:00:00.000,Actual
783,40,Massachusetts,Almacén en Bedford de Contoso,Almacén en Bedford de Contoso,Almacén,2000-04-07 00:00:00.000,Actual
784,40,Massachusetts,Almacén en Attleboro de Contoso,Almacén en Attleboro de Contoso,Almacén,2000-04-09 00:00:00.000,Actual
785,40,Massachusetts,Almacén en Lowell de Contoso,Almacén en Lowell de Contoso,Almacén,2000-04-10 00:00:00.000,Actual
786,40,Massachusetts,Almacén en Leominster de Contoso,Almacén en Leominster de Contoso,Almacén,2001-01-05 00:00:00.000,Actual
787,40,Massachusetts,Almacén en Hingham de Contoso,Almacén en Hingham de Contoso,Almacén,2001-01-06 00:00:00.000,Actual
788,40,Massachusetts,Almacén en Quincy de Contoso,Almacén en Quincy de Contoso,Almacén,2001-01-23 00:00:00.000,Actual
789,40,Massachusetts,Almacén en Framingham de Contoso,Almacén en Framingham de Contoso,Almacén,2001-01-25 00:00:00.000,Actual
790,40,Massachusetts,Almacén en Cambridge de Contoso,Almacén en Cambridge de Contoso,Almacén,2001-01-30 00:00:00.000,Actual
791,40,Massachusetts,Almacén en Somerville de Contoso,Almacén en Somerville de Contoso,Almacén,2001-02-04 00:00:00.000,Actual
792,40,Massachusetts,Almacén en Haverhill de Contoso,Almacén en Haverhill de Contoso,Almacén,2001-02-07 00:00:00.000,Actual
793,40,Massachusetts,Almacén en Lynn de Contoso,Almacén en Lynn de Contoso,Almacén,2001-02-18 00:00:00.000,Actual
794,40,Massachusetts,Almacén en Northampton de Contoso,Almacén en Northampton de Contoso,Almacén,2001-03-10 00:00:00.000,Actual
795,40,Massachusetts,Almacén en Holyoke de Contoso,Almacén en Holyoke de Contoso,Almacén,2001-03-17 00:00:00.000,Actual
796,40,Massachusetts,Almacén en Pittsfield de Contoso,Almacén en Pittsfield de Contoso,Almacén,2001-03-18 00:00:00.000,Actual
797,40,Massachusetts,Almacén en Falmouth de Contoso,Almacén en Falmouth de Contoso,Almacén,2001-03-28 00:00:00.000,Actual
798,40,Massachusetts,Almacén en Provincetown de Contoso,Almacén en Provincetown de Contoso,Almacén,2001-08-31 00:00:00.000,Actual
799,40,Massachusetts,Almacén en Nantucket de Contoso,Almacén en Nantucket de Contoso,Almacén,2002-08-16 00:00:00.000,Actual
800,41,Maine,Almacén en Bangor de Contoso,Almacén en Bangor de Contoso,Almacén,2001-07-01 00:00:00.000,Actual
801,41,Maine,Almacén en Bar Harbor de Contoso,Almacén en Bar Harbor de Contoso,Almacén,2001-07-01 00:00:00.000,Actual
802,41,Maine,Almacén en Kennebunkport de Contoso,Almacén en Kennebunkport de Contoso,Almacén,2001-07-01 00:00:00.000,Actual
803,41,Maine,Almacén en Lewiston de Contoso,Almacén en Lewiston de Contoso,Almacén,2001-07-01 00:00:00.000,Actual
804,41,Maine,Almacén en Orono de Contoso,Almacén en Orono de Contoso,Almacén,2001-07-01 00:00:00.000,Actual
805,41,Maine,Almacén en South Portland de Contoso,Almacén en South Portland de Contoso,Almacén,2001-07-01 00:00:00.000,Actual
806,42,Connecticut,Almacén en Hartford de Contoso,Almacén en Hartford de Contoso,Almacén,2001-07-01 00:00:00.000,Actual
807,42,Connecticut,Contoso Bridgeport almacén,Contoso Bridgeport almacén,Almacén,2001-07-01 00:00:00.000,Actual
808,42,Connecticut,Almacén en Waterbury de Contoso,Almacén en Waterbury de Contoso,Almacén,2001-07-01 00:00:00.000,Actual
809,42,Connecticut,Almacén en Old Saybrook de Contoso,Almacén en Old Saybrook de Contoso,Almacén,2002-05-18 00:00:00.000,Actual
810,42,Connecticut,Almacén en Darien de Contoso,Almacén en Darien de Contoso,Almacén,2002-07-01 00:00:00.000,Actual
811,42,Connecticut,Almacén en New Haven de Contoso,Almacén en New Haven de Contoso,Almacén,2002-07-01 00:00:00.000,Actual
812,42,Connecticut,Almacén en el condado de Litchfield de Contoso,Almacén en el condado de Litchfield de Contoso,Almacén,2002-11-01 00:00:00.000,Actual
813,42,Connecticut,Almacén en New London de Contoso,Almacén en New London de Contoso,Almacén,2003-04-15 00:00:00.000,Actual
814,43,Virginia,Almacén en Norfolk de Contoso,Almacén en Norfolk de Contoso,Almacén,2003-07-01 00:00:00.000,Actual
815,43,Virginia,Almacén en Virginia Beach de Contoso,Almacén en Virginia Beach de Contoso,Almacén,2003-07-01 00:00:00.000,Actual
816,43,Virginia,Almacén en Winchester de Contoso,Almacén en Winchester de Contoso,Almacén,2002-11-01 00:00:00.000,Actual
817,54,Alaska,Almacén en Anchorage de Contoso,Almacén en Anchorage de Contoso,Almacén,2003-04-15 00:00:00.000,Actual
818,43,Virginia,Almacén en Alejandría de Contoso,Almacén en Alejandría de Contoso,Almacén,2003-07-01 00:00:00.000,Actual
819,43,Virginia,Almacén en Roanoke de Contoso,Almacén en Roanoke de Contoso,Almacén,2003-07-01 00:00:00.000,Actual
820,43,Virginia,Almacén en Charlottesville de Contoso,Almacén en Charlottesville de Contoso,Almacén,2002-11-01 00:00:00.000,Actual
821,43,Virginia,Almacén en Fredericksburg de Contoso,Almacén en Fredericksburg de Contoso,Almacén,2003-04-15 00:00:00.000,Actual
822,43,Virginia,Almacén en Martinsville de Contoso,Almacén en Martinsville de Contoso,Almacén,2003-07-01 00:00:00.000,Actual
823,44,Carolina del Sur,Almacén en Greenville de Contoso,Almacén en Greenville de Contoso,Almacén,2003-07-01 00:00:00.000,Actual
824,44,Carolina del Sur,Almacén en Charleston de Contoso,Almacén en Charleston de Contoso,Almacén,2002-11-01 00:00:00.000,Actual
825,45,Maryland,Almacén en Annapolis de Contoso,Almacén en Annapolis de Contoso,Almacén,2003-04-15 00:00:00.000,Actual
826,45,Maryland,Almacén en Baltimore de Contoso,Almacén en Baltimore de Contoso,Almacén,2003-07-01 00:00:00.000,Actual
827,45,Maryland,Almacén en Howard de Contoso,Almacén en Howard de Contoso,Almacén,2003-07-01 00:00:00.000,Actual
828,45,Maryland,Almacén en Ridgely de Contoso,Almacén en Ridgely de Contoso,Almacén,2002-11-01 00:00:00.000,Actual
829,45,Maryland,Almacén en Queen Anne's County de Contoso,Almacén en Queen Anne's County de Contoso,Almacén,2003-04-15 00:00:00.000,Actual
830,45,Maryland,Almacén en Parkville de Contoso,Almacén en Parkville de Contoso,Almacén,2003-07-01 00:00:00.000,Actual
831,45,Maryland,Almacén en Back River de Contoso,Almacén en Back River de Contoso,Almacén,2003-07-01 00:00:00.000,Actual
832,45,Maryland,Almacén en North Harford de Contoso,Almacén en North Harford de Contoso,Almacén,2002-11-01 00:00:00.000,Actual
833,46,Inglaterra ,Almacén en Londres de Contoso,Almacén en Londres de Contoso,Almacén,2003-04-15 00:00:00.000,Actual
834,47,Escocia,Almacén en Edimburgo de Contoso,Almacén en Edimburgo de Contoso,Almacén,2003-07-01 00:00:00.000,Actual
835,47,Escocia,Almacén en Glasgow de Contoso,Almacén en Glasgow de Contoso,Almacén,2003-07-01 00:00:00.000,Actual
836,46,Inglaterra ,Almacén en York de Contoso,Almacén en York de Contoso,Almacén,2002-11-01 00:00:00.000,Actual
837,46,Inglaterra ,Almacén en Carlisle de Contoso,Almacén en Carlisle de Contoso,Almacén,2003-04-15 00:00:00.000,Actual
838,46,Inglaterra ,Almacén en Manchester de Contoso,Almacén en Manchester de Contoso,Almacén,2003-07-01 00:00:00.000,Actual
839,46,Inglaterra ,Almacén en Lancashire de Contoso,Almacén en Lancashire de Contoso,Almacén,2003-07-01 00:00:00.000,Actual
840,46,Inglaterra ,Almacén en West Yorkshire de Contoso,Almacén en West Yorkshire de Contoso,Almacén,2002-11-01 00:00:00.000,Actual
841,46,Inglaterra ,Almacén en Baildon de Contoso,Almacén en Baildon de Contoso,Almacén,2003-04-15 00:00:00.000,Actual
842,46,Inglaterra ,Almacén en Cheshire de Contoso,Almacén en Cheshire de Contoso,Almacén,2003-07-01 00:00:00.000,Actual
843,46,Inglaterra ,Almacén en Stockport de Contoso,Almacén en Stockport de Contoso,Almacén,2003-07-01 00:00:00.000,Actual
844,46,Inglaterra ,Almacén en Liverpool de Contoso,Almacén en Liverpool de Contoso,Almacén,2002-11-01 00:00:00.000,Actual
845,46,Inglaterra ,Almacén en Knotty Ash de Contoso,Almacén en Knotty Ash de Contoso,Almacén,2003-04-15 00:00:00.000,Actual
846,46,Inglaterra ,Almacén en Leeds de Contoso,Almacén en Leeds de Contoso,Almacén,2003-07-01 00:00:00.000,Actual
847,571,Ile-del-France,Almacén en París de Contoso,Almacén en París de Contoso,Almacén,2003-07-01 00:00:00.000,Actual
848,607,Singapur,Almacén en Singapur de Contoso,Almacén en Singapur de Contoso,Almacén,2002-11-01 00:00:00.000,Actual
849,49,Shanghai,Almacén nº 1 en Shanghai de Contoso,Almacén nº 1 en Shanghai de Contoso,Almacén,2003-04-15 00:00:00.000,Actual
850,48,Xinjiang,Almacén en Urumqi de Contoso,Almacén en Urumqi de Contoso,Almacén,2003-07-01 00:00:00.000,Actual
851,50,Pekín,Almacén en Pekín de Contoso,Almacén en Pekín de Contoso,Almacén,2003-07-01 00:00:00.000,Actual
852,51,Guangdong,Almacén en Guangzhou de Contoso,Almacén en Guangzhou de Contoso,Almacén,2002-11-01 00:00:00.000,Actual
853,49,Shanghai,Almacén nº 2 en Shanghai de Contoso,Almacén nº 2 en Shanghai de Contoso,Almacén,2003-04-15 00:00:00.000,Actual
854,572,Provence-Alpes-Côte d'Azur,Almacén en Marsella de Contoso,Almacén en Marsella de Contoso,Almacén,2003-07-01 00:00:00.000,Actual
855,573,Rhone-Alpes ,Almacén en Lyon de Contoso,Almacén en Lyon de Contoso,Almacén,2003-07-01 00:00:00.000,Actual
856,574,Midi-Pyrenees,Almacén en Toulouse de Contoso,Almacén en Toulouse de Contoso,Almacén,2002-11-01 00:00:00.000,Actual
857,575,Alpes de Provence de costa d'Azur,Almacén en Niza de Contoso,Almacén en Niza de Contoso,Almacén,2003-04-15 00:00:00.000,Actual
858,576,Pays de la Loire,Almacén en Nantes de Contoso,Almacén en Nantes de Contoso,Almacén,2003-07-01 00:00:00.000,Actual
859,577,Alsacia,Almacén en Estrasburgo de Contoso,Almacén en Estrasburgo de Contoso,Almacén,2003-07-01 00:00:00.000,Actual
860,578,Roma,Almacén en Roma de Contoso,Almacén en Roma de Contoso,Almacén,2002-11-01 00:00:00.000,Actual
861,579,Venecia,Almacén en Venecia de Contoso,Almacén en Venecia de Contoso,Almacén,2003-04-15 00:00:00.000,Actual
862,580,Provincia de Florencia,Almacén en Florencia de Contoso,Almacén en Florencia de Contoso,Almacén,2003-07-01 00:00:00.000,Actual
863,581,Provincia de Turín,Almacén en Turín de Contoso,Almacén en Turín de Contoso,Almacén,2003-07-01 00:00:00.000,Actual
864,582,Lombardía,Almacén en Milán de Contoso,Almacén en Milán de Contoso,Almacén,2002-11-01 00:00:00.000,Actual
865,37,Florida,Almacén en Nápoles de Contoso,Almacén en Nápoles de Contoso,Almacén,2003-04-15 00:00:00.000,Actual
866,584,Berlín,Almacén en Berlín de Contoso,Almacén en Berlín de Contoso,Almacén,2003-07-01 00:00:00.000,Actual
868,590,Nordrhein-Westfalen,Contoso koln No.2 almacén,Contoso koln No.2 almacén,Almacén,2002-11-01 00:00:00.000,Actual
869,587,Hesse,Almacén en Hofheim de Contoso,Almacén en Hofheim de Contoso,Almacén,2003-04-15 00:00:00.000,Actual
870,590,North Rhine-Westphalia,Almacén de Contoso koln n.º 1,Almacén de Contoso koln n.º 1,Almacén,2003-07-01 00:00:00.000,Actual
871,592,Rhineland-Palatinate,Almacén en Landstuhl de Contoso,Almacén en Landstuhl de Contoso,Almacén,2003-07-01 00:00:00.000,Actual
872,590,Nordrhein-Westfalen,Almacén en Dusseldorf de Contoso,Almacén en Dusseldorf de Contoso,Almacén,2002-11-01 00:00:00.000,Actual
873,592,Rhineland-Palatinate,Almacén en Ramstein de Contoso,Almacén en Ramstein de Contoso,Almacén,2003-04-15 00:00:00.000,Actual
874,592,Rhineland-Palatinate,Almacén en Baumholder de Contoso,Almacén en Baumholder de Contoso,Almacén,2003-07-01 00:00:00.000,Actual
875,594,Bavaria,Almacén en Giebelstadt de Contoso,Almacén en Giebelstadt de Contoso,Almacén,2003-07-01 00:00:00.000,Actual
876,594,Bavaria,Almacén en Obamberg de Contoso,Almacén en Obamberg de Contoso,Almacén,2002-11-01 00:00:00.000,Actual
877,594,Bavaria,Almacén en Munich de Contoso,Almacén en Munich de Contoso,Almacén,2003-04-15 00:00:00.000,Actual
878,596,North Holland,Almacén en Ámsterdam de Contoso,Almacén en Ámsterdam de Contoso,Almacén,2003-07-01 00:00:00.000,Actual
879,597,Copenhague,Almacén en Copenhague de Contoso,Almacén en Copenhague de Contoso,Almacén,2003-07-01 00:00:00.000,Actual
880,598,Estocolmo,Almacén en Estocolmo de Contoso,Almacén en Estocolmo de Contoso,Almacén,2002-11-01 00:00:00.000,Actual
881,599,Madrid,Almacén en Madrid de Contoso,Almacén en Madrid de Contoso,Almacén,2003-04-15 00:00:00.000,Actual
882,600,Liubliana,Almacén en Liubliana de Contoso,Almacén en Liubliana de Contoso,Almacén,2003-07-01 00:00:00.000,Actual
883,601,Bucarest,Almacén en Bucarest de Contoso,Almacén en Bucarest de Contoso,Almacén,2003-07-01 00:00:00.000,Actual
884,602,Berna,Almacén en Berne de Contoso,Almacén en Berne de Contoso,Almacén,2002-11-01 00:00:00.000,Actual
885,603,Varsovia,Almacén en Varsovia de Contoso,Almacén en Varsovia de Contoso,Almacén,2003-04-15 00:00:00.000,Actual
886,604,Valletta,Almacén en Valletta de Contoso,Almacén en Valletta de Contoso,Almacén,2003-07-01 00:00:00.000,Actual
887,605,Leinster,Almacén en Dublín de Contoso,Almacén en Dublín de Contoso,Almacén,2003-07-01 00:00:00.000,Actual
888,606,Grecia central y Evvoia,Almacén en Atenas de Contoso,Almacén en Atenas de Contoso,Almacén,2002-11-01 00:00:00.000,Actual
889,633,Territorio de la capital australiana,Almacén en Canberra de Contoso,Almacén en Canberra de Contoso,Almacén,2002-11-01 00:00:00.000,Actual
890,632,Nueva Gales del Sur,Almacén nº 1 en Sidney de Contoso,Almacén nº 1 en Sidney de Contoso,Almacén,2003-04-15 00:00:00.000,Actual
891,631,Armenia,Almacén en Ereván de Contoso,Almacén en Ereván de Contoso,Almacén,2003-07-01 00:00:00.000,Actual
892,608,Territorio de la capital de nacionales de Delhi,Almacén en Nueva Delhi de Contoso,Almacén en Nueva Delhi de Contoso,Almacén,2003-07-01 00:00:00.000,Actual
893,609,Maharastra,Almacén en Bombay de Contoso,Almacén en Bombay de Contoso,Almacén,2002-11-01 00:00:00.000,Actual
894,610,Bengala Occidental,Almacén en Calcuta de Contoso,Almacén en Calcuta de Contoso,Almacén,2003-04-15 00:00:00.000,Actual
895,611,Distrito de Thimphu,Almacén nº 1 en Thimphu de Contoso,Almacén nº 1 en Thimphu de Contoso,Almacén,2003-07-01 00:00:00.000,Actual
896,612,Hong Kong,Almacén nº 1 en Hong Kong de Contoso,Almacén nº 1 en Hong Kong de Contoso,Almacén,2003-07-01 00:00:00.000,Actual
897,613,Teherán,Almacén nº 1 en Teherán de Contoso,Almacén nº 1 en Teherán de Contoso,Almacén,2002-11-01 00:00:00.000,Actual
898,614,Damasco,Almacén nº 1 en Damasco de Contoso,Almacén nº 1 en Damasco de Contoso,Almacén,2003-04-15 00:00:00.000,Actual
899,615,Bangkok,Almacén nº 1 en Bangkok de Contoso,Almacén nº 1 en Bangkok de Contoso,Almacén,2003-07-01 00:00:00.000,Actual
900,616,Distrito Federal Central,Almacén nº 1 en Moscú de Contoso,Almacén nº 1 en Moscú de Contoso,Almacén,2003-07-01 00:00:00.000,Actual
901,617,Provincia de Ahal,Almacén nº 1 en Asjabad de Contoso,Almacén nº 1 en Asjabad de Contoso,Almacén,2002-11-01 00:00:00.000,Actual
902,618,Territorio de la capital de Islamabad,Almacén nº 1 en Islamabad de Contoso,Almacén nº 1 en Islamabad de Contoso,Almacén,2003-04-15 00:00:00.000,Actual
904,620,Kanto,Almacén nº 1 en Tokio de Contoso,Almacén nº 1 en Tokio de Contoso,Almacén,2003-07-01 00:00:00.000,Actual
905,620,Kanto,Almacén nº 2 en Tokio de Contoso,Almacén nº 2 en Tokio de Contoso,Almacén,2002-11-01 00:00:00.000,Actual
906,620,Kanto,Almacén en Yokohama de Contoso,Almacén en Yokohama de Contoso,Almacén,2003-04-15 00:00:00.000,Actual
907,626,Kansai,Almacén nº 1 en Osaka de Contoso,Almacén nº 1 en Osaka de Contoso,Almacén,2003-07-01 00:00:00.000,Actual
908,627,Chubu,Almacén en Nagoya de Contoso,Almacén en Nagoya de Contoso,Almacén,2003-07-01 00:00:00.000,Actual
909,625,Hokkaido,Almacén en Sapporo de Contoso,Almacén en Sapporo de Contoso,Almacén,2002-11-01 00:00:00.000,Actual
910,626,Kansai,Almacén en Kyoto de Contoso,Almacén en Kyoto de Contoso,Almacén,2003-04-15 00:00:00.000,Actual
911,628,Seúl,Almacén en Seúl de Contoso,Almacén en Seúl de Contoso,Almacén,2003-07-01 00:00:00.000,Actual
912,629,Busan,Almacén en Busan de Contoso,Almacén en Busan de Contoso,Almacén,2003-07-01 00:00:00.000,Actual
913,630,Provincia de Chui,Almacén en Biskek de Contoso,Almacén en Biskek de Contoso,Almacén,2002-11-01 00:00:00.000,Actual
914,60,Ontario,Almacén nº 1 en Ottawa de Contoso,Almacén nº 1 en Ottawa de Contoso,Almacén,2002-11-01 00:00:00.000,Actual
915,60,Ontario,Almacén nº 2 en Ottawa de Contoso,Almacén nº 2 en Ottawa de Contoso,Almacén,2002-11-01 00:00:00.000,Actual
916,60,Ontario,Almacén nº 1 en Toronto de Contoso,Almacén nº 1 en Toronto de Contoso,Almacén,2002-11-01 00:00:00.000,Actual
917,60,Ontario,Almacén nº 2 en Toronto de Contoso,Almacén nº 2 en Toronto de Contoso,Almacén,2002-11-01 00:00:00.000,Actual
918,60,Ontario,Almacén nº 3 en Toronto de Contoso,Almacén nº 3 en Toronto de Contoso,Almacén,2002-11-01 00:00:00.000,Actual
919,61,Quebec,Almacén nº 1 en Montreal de Contoso,Almacén nº 1 en Montreal de Contoso,Almacén,2002-11-01 00:00:00.000,Actual
920,61,Quebec,Almacén nº 2 en Montreal de Contoso,Almacén nº 2 en Montreal de Contoso,Almacén,2002-11-01 00:00:00.000,Actual
921,62,Columbia Británica,Almacén nº 1 en Vancouver de Contoso,Almacén nº 1 en Vancouver de Contoso,Almacén,2002-11-01 00:00:00.000,Actual
922,62,Columbia Británica,Almacén nº 2 en Vancouver de Contoso,Almacén nº 2 en Vancouver de Contoso,Almacén,2002-11-01 00:00:00.000,Actual
923,63,Alberta,Almacén en Calgary de Contoso,Almacén en Calgary de Contoso,Almacén,2002-11-01 00:00:00.000,Actual
924,611,Distrito de Thimphu,Almacén nº 2 en Thimphu de Contoso,Almacén nº 2 en Thimphu de Contoso,Almacén,2003-07-01 00:00:00.000,Actual
925,612,Hong Kong,Almacén nº 2 en Hong Kong de Contoso,Almacén nº 2 en Hong Kong de Contoso,Almacén,2003-07-01 00:00:00.000,Actual
926,613,Teherán,Almacén nº 2 en Teherán de Contoso,Almacén nº 2 en Teherán de Contoso,Almacén,2003-07-01 00:00:00.000,Actual
927,614,Damasco,Almacén nº 2 en Damasco de Contoso,Almacén nº 2 en Damasco de Contoso,Almacén,2003-07-01 00:00:00.000,Actual
928,615,Bangkok,Almacén nº 2 en Bangkok de Contoso,Almacén nº 2 en Bangkok de Contoso,Almacén,2003-07-01 00:00:00.000,Actual
929,616,Distrito Federal Central,Almacén nº 2 en Moscú de Contoso,Almacén nº 2 en Moscú de Contoso,Almacén,2003-07-01 00:00:00.000,Actual
930,617,Provincia de Ahal,Almacén nº 2 en Asjabad de Contoso,Almacén nº 2 en Asjabad de Contoso,Almacén,2003-07-01 00:00:00.000,Actual
931,618,Territorio de la capital de Islamabad,Almacén nº 2 en Islamabad de Contoso,Almacén nº 2 en Islamabad de Contoso,Almacén,2003-07-01 00:00:00.000,Actual
932,632,Nueva Gales del Sur,Almacén nº 2 en Sidney de Contoso,Almacén nº 2 en Sidney de Contoso,Almacén,2003-07-01 00:00:00.000,Actual
933,626,Kansai,Almacén nº 2 en Osaka de Contoso,Almacén nº 2 en Osaka de Contoso,Almacén,2003-07-01 00:00:00.000,Actual
934,33,Washington,Almacén en Kennewick de Contoso,Almacén en Kennewick de Contoso,Almacén,2003-07-01 00:00:00.000,Actual
935,940,Taiwán,Almacén en Taipei de Contoso,Almacén en Taipei de Contoso,Almacén,2003-07-01 00:00:00.000,Actual
936,938,Región de Lisboa,Almacén en Lisboa de Contoso,Almacén en Lisboa de Contoso,Almacén,2003-07-01 00:00:00.000,Actual
937,3,Asia,Contoso Taiwán,Contoso Taiwán,País o región,2003-07-01 00:00:00.000,Actual
938,939,Portugal,Contoso Región de Lisboa,Contoso Región de Lisboa,Estado,2003-07-01 00:00:00.000,Actual
939,2,Europa,Contoso Portugal,Contoso Portugal,País o región,2003-07-01 00:00:00.000,Actual
940,937,Taiwán,Contoso Taiwán,Contoso Taiwán,Estado,2003-07-01 00:00:00.000,Actual
941,27,Rusia,Contoso Northwestern,Contoso Northwestern,Estado,2003-07-01 00:00:00.000,Actual
942,941,Northwestern,Almacén en San Petersburgo de Contoso,Almacén en San Petersburgo de Contoso,Almacén,2003-07-01 00:00:00.000,Actual
943,27,Rusia,Contoso Nizhny Novgorod Oblast,Contoso Nizhny Novgorod Oblast,Estado,2003-07-01 00:00:00.000,Actual
944,943,Nizhny Novgorod Oblast,Almacén en Nizhny Novgorod de Contoso,Almacén en Nizhny Novgorod de Contoso,Almacén,2003-07-01 00:00:00.000,Actual
945,8,Alemania,Tienda en línea en Europa de Contoso,Tienda en línea en Europa de Contoso,Almacén,2008-11-01 00:00:00.000,Actual
946,23,China,Tienda en línea en Asia de Contoso,Tienda en línea en Asia de Contoso,Almacén,2008-11-01 00:00:00.000,Actual
947,4,Estados Unidos,Distribuidor en Norteamérica de Contoso,Distribuidor en Norteamérica de Contoso,Almacén,2009-11-01 00:00:00.000,Actual
948,6,Francia,Distribuidor en Europa de Contoso,Distribuidor en Europa de Contoso,Almacén,2009-11-01 00:00:00.000,Actual
949,23,China,Distribuidor en Asia de Contoso,Distribuidor en Asia de Contoso,Almacén,2009-11-01 00:00:00.000,Actual
