StoreKey,GeographyKey,StoreManager,StoreType,StoreName,Status,OpenDate,CloseDate,EntityKey,StorePhone,StoreFax,CloseReason,EmployeeCount,SellingAreaSize,LastRemodelDate,ImageUrl,EmployeeKey
1,693,35,Almacén,Almacén nº 1 en Seattle de Contoso,Activado,2004-04-12,2090-12-31,635,320-555-0195,320-555-0195,Not Yet Closed,17,462,2009-06-16 00:00:00,http://photosynth.net/embed.aspx?cid=a32ab621-0d0d-4029-b8e8-5dbca05625eb&delayLoad=false&slideShowPlaying=true,35
2,693,35,Almacén,Almacén nº 2 en Seattle de Contoso,Activado,2004-02-14,2090-12-31,636,150-555-0189,150-555-0189,Not Yet Closed,25,700,2009-06-17 00:00:00,http://photosynth.net/embed.aspx?cid=a32ab621-0d0d-4029-b8e8-5dbca05625eb&delayLoad=false&slideShowPlaying=true,35
3,856,36,Almacén,Almacén en Kennewick de Contoso,Activado,2004-02-12,2090-12-31,934,212-555-0187,212-555-0187,Not Yet Closed,26,680,2009-06-18 00:00:00,http://photosynth.net/embed.aspx?cid=a32ab621-0d0d-4029-b8e8-5dbca05625eb&delayLoad=false&slideShowPlaying=true,36
4,424,37,Almacén,Almacén en Bellevue de Contoso,Activado,2004-03-01,2090-12-31,638,612-555-0100,612-555-0100,Not Yet Closed,19,455,2009-06-16 00:00:00,http://photosynth.net/embed.aspx?cid=a32ab621-0d0d-4029-b8e8-5dbca05625eb&delayLoad=false&slideShowPlaying=true,37
5,677,38,Almacén,Almacén en Redmond de Contoso,Activado,2004-04-02,2090-12-31,639,612-555-0100,612-555-0100,Not Yet Closed,33,560,2009-06-17 00:00:00,http://photosynth.net/embed.aspx?cid=a32ab621-0d0d-4029-b8e8-5dbca05625eb&delayLoad=false&slideShowPlaying=true,38
6,575,39,Almacén,Almacén en Yakima de Contoso,Activado,2005-05-15,2090-12-31,640,168-555-0183,168-555-0183,Not Yet Closed,47,1125,2009-06-16 00:00:00,http://photosynth.net/embed.aspx?cid=a32ab621-0d0d-4029-b8e8-5dbca05625eb&delayLoad=false&slideShowPlaying=true,39
7,838,40,Almacén,Almacén en Granger de Contoso,Activado,2004-06-16,2090-12-31,641,913-555-0172,913-555-0172,Not Yet Closed,22,500,2009-06-17 00:00:00,http://photosynth.net/embed.aspx?cid=a32ab621-0d0d-4029-b8e8-5dbca05625eb&delayLoad=false&slideShowPlaying=true,40
8,935,41,Almacén,Almacén en Sunnyside de Contoso,Activado,2004-07-02,2090-12-31,642,913-555-0172,913-555-0172,Not Yet Closed,17,460,2009-06-18 00:00:00,http://photosynth.net/embed.aspx?cid=a32ab621-0d0d-4029-b8e8-5dbca05625eb&delayLoad=false&slideShowPlaying=true,41
9,941,42,Almacén,Almacén en Toppenish de Contoso,Activado,2004-08-18,2090-12-31,643,903-555-0145,903-555-0145,Not Yet Closed,25,700,2009-06-16 00:00:00,http://photosynth.net/embed.aspx?cid=a32ab621-0d0d-4029-b8e8-5dbca05625eb&delayLoad=false&slideShowPlaying=true,42
10,947,43,Almacén,Almacén en Wapato de Contoso,Activado,2004-09-19,2090-12-31,644,145-555-0130,145-555-0130,Not Yet Closed,25,700,2009-06-17 00:00:00,http://photosynth.net/embed.aspx?cid=a32ab621-0d0d-4029-b8e8-5dbca05625eb&delayLoad=false&slideShowPlaying=true,43
11,813,44,Almacén,Almacén en Cle Elum de Contoso,Activado,2004-10-20,2090-12-31,645,849-555-0139,849-555-0139,Not Yet Closed,26,680,2009-06-16 00:00:00,http://photosynth.net/embed.aspx?cid=a32ab621-0d0d-4029-b8e8-5dbca05625eb&delayLoad=false&slideShowPlaying=true,44
12,893,45,Almacén,Almacén en North Bend de Contoso,Desactivado,2004-11-21,2009-04-12,646,206-555-0180,206-555-0180,Relocation,19,455,2009-06-17 00:00:00,http://photosynth.net/embed.aspx?cid=a32ab621-0d0d-4029-b8e8-5dbca05625eb&delayLoad=false&slideShowPlaying=true,45
13,930,46,Almacén,Almacén en Snoqualmie de Contoso,Activado,2004-12-22,2090-12-31,647,122-555-0189,122-555-0189,Not Yet Closed,33,560,2009-06-18 00:00:00,http://photosynth.net/embed.aspx?cid=a32ab621-0d0d-4029-b8e8-5dbca05625eb&delayLoad=false&slideShowPlaying=true,46
14,825,47,Almacén,Almacén en Fall City de Contoso,Activado,2006-01-23,2090-12-31,648,819-555-0175,819-555-0175,Not Yet Closed,47,1125,2009-06-16 00:00:00,http://photosynth.net/embed.aspx?cid=a32ab621-0d0d-4029-b8e8-5dbca05625eb&delayLoad=false&slideShowPlaying=true,47
15,678,48,Almacén,Almacén en Renton de Contoso,Activado,2004-02-24,2090-12-31,649,424-555-0189,424-555-0189,Not Yet Closed,22,500,2009-06-17 00:00:00,http://photosynth.net/embed.aspx?cid=a32ab621-0d0d-4029-b8e8-5dbca05625eb&delayLoad=false&slideShowPlaying=true,48
16,627,49,Almacén,Almacén en Everett de Contoso,Activado,2004-01-25,2090-12-31,650,508-555-0165,508-555-0165,Not Yet Closed,17,462,2009-06-16 00:00:00,http://photosynth.net/embed.aspx?cid=a32ab621-0d0d-4029-b8e8-5dbca05625eb&delayLoad=false&slideShowPlaying=true,49
17,551,135,Almacén,Almacén en Spokane de Contoso,Activado,2004-03-26,2090-12-31,651,984-555-0185,984-555-0185,Not Yet Closed,25,700,2009-06-17 00:00:00,http://photosynth.net/embed.aspx?cid=a32ab621-0d0d-4029-b8e8-5dbca05625eb&delayLoad=false&slideShowPlaying=true,135
18,944,50,Almacén,Almacén en Veradale de Contoso,Activado,2004-07-27,2090-12-31,652,632-555-0129,632-555-0129,Not Yet Closed,26,680,2009-06-18 00:00:00,http://photosynth.net/embed.aspx?cid=a32ab621-0d0d-4029-b8e8-5dbca05625eb&delayLoad=false&slideShowPlaying=true,50
19,812,51,Almacén,Almacén en Cheney de Contoso,Desactivado,2004-08-28,2009-05-12,653,328-555-0150,328-555-0150,Store,19,455,2009-06-16 00:00:00,http://photosynth.net/embed.aspx?cid=a32ab621-0d0d-4029-b8e8-5dbca05625eb&delayLoad=false&slideShowPlaying=true,51
20,824,52,Almacén,Almacén en Englewood de Contoso,Activado,2004-09-29,2090-12-31,654,435-555-0113,435-555-0113,Not Yet Closed,33,560,2009-06-17 00:00:00,http://photosynth.net/embed.aspx?cid=a32ab621-0d0d-4029-b8e8-5dbca05625eb&delayLoad=false&slideShowPlaying=true,52
21,950,66,Almacén,Almacén en Wheat Ridge de Contoso,Activado,2004-11-02,2090-12-31,655,202-555-0151,202-555-0151,Not Yet Closed,47,1125,2009-06-16 00:00:00,http://photosynth.net/embed.aspx?cid=a32ab621-0d0d-4029-b8e8-5dbca05625eb&delayLoad=false&slideShowPlaying=true,66
22,571,54,Almacén,Almacén en Westminster de Contoso,Activado,2004-12-03,2090-12-31,656,925-555-0114,925-555-0114,Not Yet Closed,22,500,2009-06-17 00:00:00,http://photosynth.net/embed.aspx?cid=a32ab621-0d0d-4029-b8e8-5dbca05625eb&delayLoad=false&slideShowPlaying=true,54
23,836,55,Almacén,Almacén en Grand Junction de Contoso,Activado,2004-01-24,2090-12-31,657,913-555-0196,913-555-0196,Not Yet Closed,17,460,2009-06-18 00:00:00,http://photosynth.net/embed.aspx?cid=a32ab621-0d0d-4029-b8e8-5dbca05625eb&delayLoad=false&slideShowPlaying=true,55
24,887,56,Almacén,Almacén en New Castle de Contoso,Activado,2004-02-15,2090-12-31,658,413-555-0136,413-555-0136,Not Yet Closed,25,700,2009-06-16 00:00:00,http://photosynth.net/embed.aspx?cid=a32ab621-0d0d-4029-b8e8-5dbca05625eb&delayLoad=false&slideShowPlaying=true,56
25,839,57,Almacén,Almacén nº 1 en Greeley de Contoso,Activado,2004-03-16,2090-12-31,659,332-555-0150,332-555-0150,Not Yet Closed,25,700,2009-06-17 00:00:00,http://photosynth.net/embed.aspx?cid=a32ab621-0d0d-4029-b8e8-5dbca05625eb&delayLoad=false&slideShowPlaying=true,57
26,867,58,Almacén,Almacén en Loveland de Contoso,Activado,2004-04-17,2090-12-31,660,166-555-0162,166-555-0162,Not Yet Closed,26,680,2009-06-16 00:00:00,http://photosynth.net/embed.aspx?cid=a32ab621-0d0d-4029-b8e8-5dbca05625eb&delayLoad=false&slideShowPlaying=true,58
27,859,59,Almacén,Almacén en Lafayette de Contoso,Activado,2004-05-18,2090-12-31,661,113-555-0173,113-555-0173,Not Yet Closed,19,455,2009-06-17 00:00:00,http://photosynth.net/embed.aspx?cid=a32ab621-0d0d-4029-b8e8-5dbca05625eb&delayLoad=false&slideShowPlaying=true,59
28,809,60,Almacén,Almacén en Castle Rock de Contoso,Activado,2004-06-19,2090-12-31,662,115-555-0179,115-555-0179,Not Yet Closed,33,560,2009-06-18 00:00:00,http://photosynth.net/embed.aspx?cid=a32ab621-0d0d-4029-b8e8-5dbca05625eb&delayLoad=false&slideShowPlaying=true,60
29,927,61,Almacén,Almacén en Sedalia de Contoso,Desactivado,2004-07-20,2009-07-12,663,147-555-0160,147-555-0160,Relocation,47,1125,2009-06-16 00:00:00,http://photosynth.net/embed.aspx?cid=a32ab621-0d0d-4029-b8e8-5dbca05625eb&delayLoad=false&slideShowPlaying=true,61
30,829,62,Almacén,Contoso Fort Collins almacén,Activado,2004-08-21,2090-12-31,664,656-555-0119,656-555-0119,Not Yet Closed,22,500,2009-06-17 00:00:00,http://photosynth.net/embed.aspx?cid=a32ab621-0d0d-4029-b8e8-5dbca05625eb&delayLoad=false&slideShowPlaying=true,62
31,839,57,Almacén,Almacén nº 2 en Greeley de Contoso,Activado,2004-09-22,2090-12-31,665,138-555-0128,138-555-0128,Not Yet Closed,17,462,2009-06-16 00:00:00,http://photosynth.net/embed.aspx?cid=a32ab621-0d0d-4029-b8e8-5dbca05625eb&delayLoad=false&slideShowPlaying=true,57
32,877,63,Almacén,Almacén en Milliken de Contoso,Activado,2004-10-23,2090-12-31,666,523-555-0175,523-555-0175,Not Yet Closed,25,700,2009-06-17 00:00:00,http://photosynth.net/embed.aspx?cid=a32ab621-0d0d-4029-b8e8-5dbca05625eb&delayLoad=false&slideShowPlaying=true,63
33,799,64,Almacén,Almacén en Berthoud de Contoso,Activado,2004-11-24,2090-12-31,667,668-555-0130,668-555-0130,Not Yet Closed,26,680,2009-06-18 00:00:00,http://photosynth.net/embed.aspx?cid=a32ab621-0d0d-4029-b8e8-5dbca05625eb&delayLoad=false&slideShowPlaying=true,64
34,818,65,Almacén,Almacén nº 1 en Denver de Contoso,Activado,2004-12-02,2090-12-31,668,609-555-0179,609-555-0179,Not Yet Closed,26,680,2009-06-16 00:00:00,http://photosynth.net/embed.aspx?cid=a32ab621-0d0d-4029-b8e8-5dbca05625eb&delayLoad=false&slideShowPlaying=true,65
35,818,65,Almacén,Almacén nº 2 en Denver de Contoso,Activado,2004-10-03,2090-12-31,669,952-555-0178,952-555-0178,Not Yet Closed,19,455,2009-06-17 00:00:00,http://photosynth.net/embed.aspx?cid=a32ab621-0d0d-4029-b8e8-5dbca05625eb&delayLoad=false&slideShowPlaying=true,65
36,818,65,Almacén,Almacén nº 3 en Denver de Contoso,Activado,2003-06-27,2090-12-31,670,943-555-0196,943-555-0196,Not Yet Closed,33,560,2009-06-16 00:00:00,http://photosynth.net/embed.aspx?cid=a32ab621-0d0d-4029-b8e8-5dbca05625eb&delayLoad=false&slideShowPlaying=true,65
37,803,66,Almacén,Almacén en Boulder de Contoso,Activado,2003-03-28,2090-12-31,671,937-555-0137,937-555-0137,Not Yet Closed,47,1125,2009-06-17 00:00:00,http://photosynth.net/embed.aspx?cid=a32ab621-0d0d-4029-b8e8-5dbca05625eb&delayLoad=false&slideShowPlaying=true,66
38,940,67,Almacén,Almacén en Thornton de Contoso,Activado,2003-04-29,2090-12-31,672,333-555-0173,333-555-0173,Not Yet Closed,22,500,2009-06-18 00:00:00,http://photosynth.net/embed.aspx?cid=a32ab621-0d0d-4029-b8e8-5dbca05625eb&delayLoad=false&slideShowPlaying=true,67
39,865,68,Almacén,Almacén en Littleton de Contoso,Activado,2003-05-30,2090-12-31,673,963-555-0134,963-555-0134,Not Yet Closed,17,462,2009-06-16 00:00:00,http://photosynth.net/embed.aspx?cid=a32ab621-0d0d-4029-b8e8-5dbca05625eb&delayLoad=false&slideShowPlaying=true,68
40,790,69,Almacén,Almacén en Aurora de Contoso,Activado,2003-06-11,2090-12-31,674,794-555-0159,794-555-0159,Not Yet Closed,25,700,2009-06-17 00:00:00,http://photosynth.net/embed.aspx?cid=a32ab621-0d0d-4029-b8e8-5dbca05625eb&delayLoad=false&slideShowPlaying=true,69
41,904,70,Almacén,Almacén en Parker de Contoso,Activado,2004-07-02,2090-12-31,675,218-555-0126,218-555-0126,Not Yet Closed,26,680,2009-06-16 00:00:00,http://photosynth.net/embed.aspx?cid=a32ab621-0d0d-4029-b8e8-5dbca05625eb&delayLoad=false&slideShowPlaying=true,70
42,840,71,Almacén,Almacén en Green Bay de Contoso,Activado,2003-08-03,2090-12-31,676,286-555-0189,286-555-0189,Not Yet Closed,19,455,2009-06-17 00:00:00,http://photosynth.net/embed.aspx?cid=a32ab621-0d0d-4029-b8e8-5dbca05625eb&delayLoad=false&slideShowPlaying=true,71
43,786,72,Almacén,Almacén en Appleton de Contoso,Activado,2003-09-04,2090-12-31,677,164-555-0164,164-555-0164,Not Yet Closed,33,560,2009-06-18 00:00:00,http://photosynth.net/embed.aspx?cid=a32ab621-0d0d-4029-b8e8-5dbca05625eb&delayLoad=false&slideShowPlaying=true,72
44,874,73,Almacén,Almacén en Menasha de Contoso,Activado,2003-10-05,2090-12-31,678,685-555-0120,685-555-0120,Not Yet Closed,47,1125,2009-06-16 00:00:00,http://photosynth.net/embed.aspx?cid=a32ab621-0d0d-4029-b8e8-5dbca05625eb&delayLoad=false&slideShowPlaying=true,73
45,901,74,Almacén,Almacén en Oshkosh de Contoso,Activado,2007-11-06,2090-12-31,679,786-555-0144,786-555-0144,Not Yet Closed,22,500,2009-06-17 00:00:00,http://photosynth.net/embed.aspx?cid=a32ab621-0d0d-4029-b8e8-5dbca05625eb&delayLoad=false&slideShowPlaying=true,74
46,827,136,Almacén,Almacén en Fond du lac de Contoso,Activado,2007-12-07,2090-12-31,680,992-555-0194,992-555-0194,Not Yet Closed,17,460,2009-06-16 00:00:00,http://photosynth.net/embed.aspx?cid=a32ab621-0d0d-4029-b8e8-5dbca05625eb&delayLoad=false&slideShowPlaying=true,136
47,878,75,Almacén,Almacén nº 1 en Milwaukee de Contoso,Activado,2004-01-18,2090-12-31,681,818-555-0192,818-555-0192,Not Yet Closed,25,700,2009-06-17 00:00:00,http://photosynth.net/embed.aspx?cid=a32ab621-0d0d-4029-b8e8-5dbca05625eb&delayLoad=false&slideShowPlaying=true,75
48,878,75,Almacén,Almacén nº 2 en Milwaukee de Contoso,Desactivado,2004-02-09,2009-05-12,682,399-555-0176,399-555-0176,Relocation,25,700,2009-06-18 00:00:00,http://photosynth.net/embed.aspx?cid=a32ab621-0d0d-4029-b8e8-5dbca05625eb&delayLoad=false&slideShowPlaying=true,75
49,878,75,Almacén,Almacén nº 3 en Milwaukee de Contoso,Activado,2004-04-02,2090-12-31,683,778-555-0141,778-555-0141,Not Yet Closed,26,680,2009-06-16 00:00:00,http://photosynth.net/embed.aspx?cid=a32ab621-0d0d-4029-b8e8-5dbca05625eb&delayLoad=false&slideShowPlaying=true,75
50,949,76,Almacén,Almacén nº 1 en Waukesha de Contoso,Activado,2004-04-19,2090-12-31,684,299-555-0113,299-555-0113,Not Yet Closed,19,455,2009-06-17 00:00:00,http://photosynth.net/embed.aspx?cid=a32ab621-0d0d-4029-b8e8-5dbca05625eb&delayLoad=false&slideShowPlaying=true,76
51,918,87,Almacén,Almacén nº 1 en Racine de Contoso,Activado,2004-05-15,2090-12-31,685,846-555-0157,846-555-0157,Not Yet Closed,33,560,2009-06-16 00:00:00,http://photosynth.net/embed.aspx?cid=a32ab621-0d0d-4029-b8e8-5dbca05625eb&delayLoad=false&slideShowPlaying=true,87
52,806,137,Almacén,Almacén en Burlington de Contoso,Activado,2004-06-17,2090-12-31,686,639-555-0164,639-555-0164,Not Yet Closed,47,1125,2009-06-17 00:00:00,http://photosynth.net/embed.aspx?cid=a32ab621-0d0d-4029-b8e8-5dbca05625eb&delayLoad=false&slideShowPlaying=true,137
53,821,138,Almacén,Almacén en East Troy de Contoso,Activado,2004-08-18,2090-12-31,687,191-555-0112,191-555-0112,Not Yet Closed,22,500,2009-06-18 00:00:00,http://photosynth.net/embed.aspx?cid=a32ab621-0d0d-4029-b8e8-5dbca05625eb&delayLoad=false&slideShowPlaying=true,138
54,949,76,Almacén,Almacén nº 2 en Waukesha de Contoso,Activado,2004-08-20,2090-12-31,688,669-555-0150,669-555-0150,Not Yet Closed,17,462,2009-06-16 00:00:00,http://photosynth.net/embed.aspx?cid=a32ab621-0d0d-4029-b8e8-5dbca05625eb&delayLoad=false&slideShowPlaying=true,76
55,835,77,Almacén,Almacén en Germantown de Contoso,Activado,2004-09-02,2090-12-31,689,712-555-0119,712-555-0119,Not Yet Closed,25,700,2009-06-17 00:00:00,http://photosynth.net/embed.aspx?cid=a32ab621-0d0d-4029-b8e8-5dbca05625eb&delayLoad=false&slideShowPlaying=true,77
57,913,79,Almacén,Almacén en Port Washington de Contoso,Activado,2004-11-25,2090-12-31,691,910-555-0116,910-555-0116,Not Yet Closed,26,680,2009-06-17 00:00:00,http://photosynth.net/embed.aspx?cid=a32ab621-0d0d-4029-b8e8-5dbca05625eb&delayLoad=false&slideShowPlaying=true,79
58,928,80,Almacén,Almacén en Sheboygan de Contoso,Activado,2004-12-26,2090-12-31,692,319-555-0139,319-555-0139,Not Yet Closed,19,455,2009-06-18 00:00:00,http://photosynth.net/embed.aspx?cid=a32ab621-0d0d-4029-b8e8-5dbca05625eb&delayLoad=false&slideShowPlaying=true,80
59,871,81,Almacén,Almacén en Manitowoc de Contoso,Activado,2004-04-27,2090-12-31,693,714-555-0138,714-555-0138,Not Yet Closed,33,560,2009-06-16 00:00:00,http://photosynth.net/embed.aspx?cid=a32ab621-0d0d-4029-b8e8-5dbca05625eb&delayLoad=false&slideShowPlaying=true,81
60,870,82,Almacén,Almacén en Madison de Contoso,Activado,2004-02-28,2090-12-31,694,499-555-0125,499-555-0125,Not Yet Closed,47,1125,2009-06-17 00:00:00,http://photosynth.net/embed.aspx?cid=a32ab621-0d0d-4029-b8e8-5dbca05625eb&delayLoad=false&slideShowPlaying=true,82
61,898,83,Almacén,Almacén en Oregón de Contoso,Activado,2004-03-29,2090-12-31,695,932-555-0161,932-555-0161,Not Yet Closed,22,500,2009-06-16 00:00:00,http://photosynth.net/embed.aspx?cid=a32ab621-0d0d-4029-b8e8-5dbca05625eb&delayLoad=false&slideShowPlaying=true,83
62,934,84,Almacén,Almacén en Stoughton de Contoso,Desactivado,2004-04-30,2009-07-12,696,602-555-0194,602-555-0194,Relocation,17,462,2009-06-17 00:00:00,http://photosynth.net/embed.aspx?cid=a32ab621-0d0d-4029-b8e8-5dbca05625eb&delayLoad=false&slideShowPlaying=true,84
63,822,85,Almacén,Almacén en Edgerton de Contoso,Activado,2004-05-31,2090-12-31,697,679-555-0113,679-555-0113,Not Yet Closed,25,700,2009-06-18 00:00:00,http://photosynth.net/embed.aspx?cid=a32ab621-0d0d-4029-b8e8-5dbca05625eb&delayLoad=false&slideShowPlaying=true,85
64,828,86,Almacén,Almacén en Fort Atkinson de Contoso,Activado,2004-06-01,2090-12-31,698,688-555-0192,688-555-0192,Not Yet Closed,26,680,2009-06-16 00:00:00,http://photosynth.net/embed.aspx?cid=a32ab621-0d0d-4029-b8e8-5dbca05625eb&delayLoad=false&slideShowPlaying=true,86
65,918,87,Almacén,Almacén nº 2 en Racine de Contoso,Activado,2009-07-02,2090-12-31,699,518-555-0199,518-555-0199,Not Yet Closed,19,455,2009-06-17 00:00:00,http://photosynth.net/embed.aspx?cid=a32ab621-0d0d-4029-b8e8-5dbca05625eb&delayLoad=false&slideShowPlaying=true,87
66,849,88,Almacén,Almacén nº 1 en Houston de Contoso,Activado,2004-08-03,2090-12-31,700,901-555-0125,901-555-0125,Not Yet Closed,33,560,2009-06-16 00:00:00,http://photosynth.net/embed.aspx?cid=a32ab621-0d0d-4029-b8e8-5dbca05625eb&delayLoad=false&slideShowPlaying=true,88
67,849,88,Almacén,Almacén nº 2 en Houston de Contoso,Activado,2004-03-11,2090-12-31,701,434-555-0133,434-555-0133,Not Yet Closed,47,1125,2009-06-17 00:00:00,http://photosynth.net/embed.aspx?cid=a32ab621-0d0d-4029-b8e8-5dbca05625eb&delayLoad=false&slideShowPlaying=true,88
68,849,88,Almacén,Almacén nº 3 en Houston de Contoso,Activado,2004-07-02,2090-12-31,702,226-555-0197,226-555-0197,Not Yet Closed,22,500,2009-06-18 00:00:00,http://photosynth.net/embed.aspx?cid=a32ab621-0d0d-4029-b8e8-5dbca05625eb&delayLoad=false&slideShowPlaying=true,88
69,849,88,Almacén,Almacén nº 4 en Houston de Contoso,Activado,2004-08-03,2090-12-31,703,623-555-0155,623-555-0155,Not Yet Closed,17,460,2009-06-16 00:00:00,http://photosynth.net/embed.aspx?cid=a32ab621-0d0d-4029-b8e8-5dbca05625eb&delayLoad=false&slideShowPlaying=true,88
70,876,89,Almacén,Almacén en Midland de Contoso,Activado,2003-09-12,2090-12-31,704,611-555-0116,611-555-0116,Not Yet Closed,25,700,2009-06-17 00:00:00,http://photosynth.net/embed.aspx?cid=a32ab621-0d0d-4029-b8e8-5dbca05625eb&delayLoad=false&slideShowPlaying=true,89
71,924,90,Almacén,Almacén en Russellville de Contoso,Activado,2007-11-05,2090-12-31,705,793-555-0179,793-555-0179,Not Yet Closed,25,700,2009-06-16 00:00:00,http://photosynth.net/embed.aspx?cid=a32ab621-0d0d-4029-b8e8-5dbca05625eb&delayLoad=false&slideShowPlaying=true,90
72,879,91,Almacén,Almacén en Minden de Contoso,Activado,2004-11-06,2090-12-31,706,612-555-0171,612-555-0171,Not Yet Closed,26,680,2009-06-17 00:00:00,http://photosynth.net/embed.aspx?cid=a32ab621-0d0d-4029-b8e8-5dbca05625eb&delayLoad=false&slideShowPlaying=true,91
73,929,92,Almacén,Almacén en Shreveport de Contoso,Activado,2004-10-17,2090-12-31,707,522-555-0147,522-555-0147,Not Yet Closed,19,455,2009-06-18 00:00:00,http://photosynth.net/embed.aspx?cid=a32ab621-0d0d-4029-b8e8-5dbca05625eb&delayLoad=false&slideShowPlaying=true,92
74,872,93,Almacén,Almacén en Marshall de Contoso,Activado,2004-02-18,2090-12-31,708,248-555-0134,248-555-0134,Not Yet Closed,33,560,2009-06-16 00:00:00,http://photosynth.net/embed.aspx?cid=a32ab621-0d0d-4029-b8e8-5dbca05625eb&delayLoad=false&slideShowPlaying=true,93
75,866,94,Almacén,Almacén en Longview de Contoso,Activado,2004-02-19,2090-12-31,709,309-555-0129,309-555-0129,Not Yet Closed,47,1125,2009-06-17 00:00:00,http://photosynth.net/embed.aspx?cid=a32ab621-0d0d-4029-b8e8-5dbca05625eb&delayLoad=false&slideShowPlaying=true,94
76,798,95,Almacén,Almacén nº 1 en Beaumont de Contoso,Activado,2004-02-20,2090-12-31,710,896-555-0168,896-555-0168,Not Yet Closed,22,500,2009-06-16 00:00:00,http://photosynth.net/embed.aspx?cid=a32ab621-0d0d-4029-b8e8-5dbca05625eb&delayLoad=false&slideShowPlaying=true,95
77,897,96,Almacén,Almacén en Orange de Contoso,Activado,2004-02-21,2090-12-31,711,999-555-0155,999-555-0155,Not Yet Closed,17,462,2009-06-17 00:00:00,http://photosynth.net/embed.aspx?cid=a32ab621-0d0d-4029-b8e8-5dbca05625eb&delayLoad=false&slideShowPlaying=true,96
78,798,95,Almacén,Almacén nº 2 en Beaumont de Contoso,Activado,2004-02-22,2090-12-31,712,808-555-0172,808-555-0172,Not Yet Closed,25,700,2009-06-18 00:00:00,http://photosynth.net/embed.aspx?cid=a32ab621-0d0d-4029-b8e8-5dbca05625eb&delayLoad=false&slideShowPlaying=true,95
79,579,97,Almacén,Almacén en Baytown de Contoso,Activado,2004-01-17,2090-12-31,713,119-555-0117,119-555-0117,Not Yet Closed,26,680,2009-06-16 00:00:00,http://photosynth.net/embed.aspx?cid=a32ab621-0d0d-4029-b8e8-5dbca05625eb&delayLoad=false&slideShowPlaying=true,97
80,858,98,Almacén,Almacén en La Porte de Contoso,Activado,2004-02-18,2090-12-31,714,420-555-0173,420-555-0173,Not Yet Closed,26,680,2009-06-17 00:00:00,http://photosynth.net/embed.aspx?cid=a32ab621-0d0d-4029-b8e8-5dbca05625eb&delayLoad=false&slideShowPlaying=true,98
81,793,99,Almacén,Almacén en Bacliff de Contoso,Activado,2004-03-19,2090-12-31,715,143-555-0173,143-555-0173,Not Yet Closed,19,455,2009-06-16 00:00:00,http://photosynth.net/embed.aspx?cid=a32ab621-0d0d-4029-b8e8-5dbca05625eb&delayLoad=false&slideShowPlaying=true,99
82,939,100,Almacén,Almacén en Texas City de Contoso,Activado,2004-04-20,2090-12-31,716,815-555-0138,815-555-0138,Not Yet Closed,33,560,2009-06-17 00:00:00,http://photosynth.net/embed.aspx?cid=a32ab621-0d0d-4029-b8e8-5dbca05625eb&delayLoad=false&slideShowPlaying=true,100
83,906,101,Almacén,Almacén en Pasadena de Contoso,Activado,2004-05-21,2090-12-31,717,314-555-0113,314-555-0113,Not Yet Closed,47,1125,2009-06-18 00:00:00,http://photosynth.net/embed.aspx?cid=a32ab621-0d0d-4029-b8e8-5dbca05625eb&delayLoad=false&slideShowPlaying=true,101
84,851,102,Almacén,Almacén en Humble de Contoso,Desactivado,2004-06-22,2009-02-12,718,373-555-0137,373-555-0137,Relocation,22,500,2009-06-16 00:00:00,http://photosynth.net/embed.aspx?cid=a32ab621-0d0d-4029-b8e8-5dbca05625eb&delayLoad=false&slideShowPlaying=true,102
85,933,103,Almacén,Almacén en Spring de Contoso,Activado,2004-07-23,2090-12-31,719,153-555-0186,153-555-0186,Not Yet Closed,17,462,2009-06-17 00:00:00,http://photosynth.net/embed.aspx?cid=a32ab621-0d0d-4029-b8e8-5dbca05625eb&delayLoad=false&slideShowPlaying=true,103
86,791,104,Almacén,Almacén en Austin de Contoso,Activado,2004-08-24,2090-12-31,720,172-555-0130,172-555-0130,Not Yet Closed,25,700,2009-06-16 00:00:00,http://photosynth.net/embed.aspx?cid=a32ab621-0d0d-4029-b8e8-5dbca05625eb&delayLoad=false&slideShowPlaying=true,104
87,925,105,Almacén,Almacén en San Antonio de Contoso,Activado,2004-08-25,2090-12-31,721,970-555-0118,970-555-0118,Not Yet Closed,26,680,2009-06-17 00:00:00,http://photosynth.net/embed.aspx?cid=a32ab621-0d0d-4029-b8e8-5dbca05625eb&delayLoad=false&slideShowPlaying=true,105
88,453,106,Almacén,Almacén en Cedar Park de Contoso,Activado,2004-10-26,2090-12-31,722,577-555-0185,577-555-0185,Not Yet Closed,19,455,2009-06-18 00:00:00,http://photosynth.net/embed.aspx?cid=a32ab621-0d0d-4029-b8e8-5dbca05625eb&delayLoad=false&slideShowPlaying=true,106
89,923,107,Almacén,Almacén en Round Rock de Contoso,Activado,2004-11-27,2090-12-31,723,373-555-0142,373-555-0142,Not Yet Closed,33,560,2009-06-16 00:00:00,http://photosynth.net/embed.aspx?cid=a32ab621-0d0d-4029-b8e8-5dbca05625eb&delayLoad=false&slideShowPlaying=true,107
90,815,108,Almacén,Almacén en Dallas de Contoso,Activado,2008-12-02,2090-12-31,724,986-555-0177,986-555-0177,Not Yet Closed,47,1125,2009-06-17 00:00:00,http://photosynth.net/embed.aspx?cid=a32ab621-0d0d-4029-b8e8-5dbca05625eb&delayLoad=false&slideShowPlaying=true,108
91,834,109,Almacén,Almacén en Georgetown de Contoso,Activado,2003-01-29,2090-12-31,725,777-555-0141,777-555-0141,Not Yet Closed,22,500,2009-06-16 00:00:00,http://photosynth.net/embed.aspx?cid=a32ab621-0d0d-4029-b8e8-5dbca05625eb&delayLoad=false&slideShowPlaying=true,109
92,845,110,Almacén,Almacén en Hillsboro de Contoso,Activado,2003-01-30,2090-12-31,726,818-555-0128,818-555-0128,Not Yet Closed,17,460,2009-06-17 00:00:00,http://photosynth.net/embed.aspx?cid=a32ab621-0d0d-4029-b8e8-5dbca05625eb&delayLoad=false&slideShowPlaying=true,110
93,787,111,Almacén,Almacén en Arlington de Contoso,Activado,2003-08-31,2090-12-31,727,204-555-0115,204-555-0115,Not Yet Closed,25,700,2009-06-18 00:00:00,http://photosynth.net/embed.aspx?cid=a32ab621-0d0d-4029-b8e8-5dbca05625eb&delayLoad=false&slideShowPlaying=true,111
94,837,112,Almacén,Almacén en Grand Prairie de Contoso,Activado,2003-02-03,2090-12-31,728,845-555-0184,845-555-0184,Not Yet Closed,25,700,2009-06-16 00:00:00,http://photosynth.net/embed.aspx?cid=a32ab621-0d0d-4029-b8e8-5dbca05625eb&delayLoad=false&slideShowPlaying=true,112
95,819,113,Almacén,Almacén en Desoto de Contoso,Activado,2003-03-31,2090-12-31,729,935-555-0116,935-555-0116,Not Yet Closed,26,680,2009-06-17 00:00:00,http://photosynth.net/embed.aspx?cid=a32ab621-0d0d-4029-b8e8-5dbca05625eb&delayLoad=false&slideShowPlaying=true,113
96,919,114,Almacén,Almacén en Richardson de Contoso,Activado,2003-02-01,2090-12-31,730,208-555-0114,208-555-0114,Not Yet Closed,19,455,2009-06-16 00:00:00,http://photosynth.net/embed.aspx?cid=a32ab621-0d0d-4029-b8e8-5dbca05625eb&delayLoad=false&slideShowPlaying=true,114
97,863,115,Almacén,Almacén en Lewisville de Contoso,Activado,2003-04-02,2090-12-31,731,920-555-0177,920-555-0177,Not Yet Closed,33,560,2009-06-17 00:00:00,http://photosynth.net/embed.aspx?cid=a32ab621-0d0d-4029-b8e8-5dbca05625eb&delayLoad=false&slideShowPlaying=true,115
98,817,116,Almacén,Almacén en Denton de Contoso,Activado,2003-05-03,2090-12-31,732,913-555-0184,913-555-0184,Not Yet Closed,47,1125,2009-06-18 00:00:00,http://photosynth.net/embed.aspx?cid=a32ab621-0d0d-4029-b8e8-5dbca05625eb&delayLoad=false&slideShowPlaying=true,116
99,831,117,Almacén,Almacén en Fort Worth de Contoso,Activado,2003-06-04,2090-12-31,733,148-555-0145,148-555-0145,Not Yet Closed,22,500,2009-06-16 00:00:00,http://photosynth.net/embed.aspx?cid=a32ab621-0d0d-4029-b8e8-5dbca05625eb&delayLoad=false&slideShowPlaying=true,117
100,910,118,Almacén,Almacén en Plano de Contoso,Activado,2003-07-05,2090-12-31,734,148-555-0145,148-555-0145,Not Yet Closed,17,462,2009-06-17 00:00:00,http://photosynth.net/embed.aspx?cid=a32ab621-0d0d-4029-b8e8-5dbca05625eb&delayLoad=false&slideShowPlaying=true,118
101,875,119,Almacén,Almacén nº 1 en Miami de Contoso,Activado,2003-08-06,2090-12-31,735,199-555-0117,199-555-0117,Not Yet Closed,17,462,2009-06-16 00:00:00,http://photosynth.net/embed.aspx?cid=a32ab621-0d0d-4029-b8e8-5dbca05625eb&delayLoad=false&slideShowPlaying=true,119
102,875,119,Almacén,Almacén nº 2 en Miami de Contoso,Activado,2003-09-07,2090-12-31,736,391-555-0138,391-555-0138,Not Yet Closed,25,700,2009-06-17 00:00:00,http://photosynth.net/embed.aspx?cid=a32ab621-0d0d-4029-b8e8-5dbca05625eb&delayLoad=false&slideShowPlaying=true,119
103,853,120,Almacén,Almacén en Jacksonville de Contoso,Activado,2003-10-08,2090-12-31,737,454-555-0119,454-555-0119,Not Yet Closed,26,680,2009-06-18 00:00:00,http://photosynth.net/embed.aspx?cid=a32ab621-0d0d-4029-b8e8-5dbca05625eb&delayLoad=false&slideShowPlaying=true,120
104,937,121,Almacén,Almacén nº 1 en Tallahassee de Contoso,Activado,2003-11-09,2090-12-31,738,200-555-0117,200-555-0117,Not Yet Closed,19,455,2009-06-16 00:00:00,http://photosynth.net/embed.aspx?cid=a32ab621-0d0d-4029-b8e8-5dbca05625eb&delayLoad=false&slideShowPlaying=true,121
105,937,121,Almacén,Almacén nº 2 en Tallahassee de Contoso,Activado,2003-11-29,2090-12-31,739,768-555-0123,768-555-0123,Not Yet Closed,33,560,2009-06-17 00:00:00,http://photosynth.net/embed.aspx?cid=a32ab621-0d0d-4029-b8e8-5dbca05625eb&delayLoad=false&slideShowPlaying=true,121
107,926,123,Almacén,Almacén en Sebring de Contoso,Activado,2003-02-12,2090-12-31,741,166-555-0159,166-555-0159,Not Yet Closed,22,500,2009-06-17 00:00:00,http://photosynth.net/embed.aspx?cid=a32ab621-0d0d-4029-b8e8-5dbca05625eb&delayLoad=false&slideShowPlaying=true,123
108,860,124,Almacén,Almacén en Lakeland de Contoso,Activado,2003-02-13,2090-12-31,742,477-555-0132,477-555-0132,Not Yet Closed,17,460,2009-06-18 00:00:00,http://photosynth.net/embed.aspx?cid=a32ab621-0d0d-4029-b8e8-5dbca05625eb&delayLoad=false&slideShowPlaying=true,124
109,830,125,Almacén,Almacén en Fort Lauderdale de Contoso,Activado,2003-02-14,2090-12-31,743,582-555-0178,582-555-0178,Not Yet Closed,25,700,2009-06-16 00:00:00,http://photosynth.net/embed.aspx?cid=a32ab621-0d0d-4029-b8e8-5dbca05625eb&delayLoad=false&slideShowPlaying=true,125
110,899,126,Almacén,Almacén en Orlando de Contoso,Activado,2003-02-15,2090-12-31,744,476-555-0119,476-555-0119,Not Yet Closed,25,700,2009-06-17 00:00:00,http://photosynth.net/embed.aspx?cid=a32ab621-0d0d-4029-b8e8-5dbca05625eb&delayLoad=false&slideShowPlaying=true,126
111,938,127,Almacén,Almacén en Tampa de Contoso,Activado,2003-02-16,2090-12-31,745,531-555-0183,531-555-0183,Not Yet Closed,26,680,2009-06-16 00:00:00,http://photosynth.net/embed.aspx?cid=a32ab621-0d0d-4029-b8e8-5dbca05625eb&delayLoad=false&slideShowPlaying=true,127
112,857,128,Almacén,Almacén en Key West de Contoso,Desactivado,2004-01-12,2009-07-02,746,637-555-0120,637-555-0120,Relocation,19,455,2009-06-17 00:00:00,http://photosynth.net/embed.aspx?cid=a32ab621-0d0d-4029-b8e8-5dbca05625eb&delayLoad=false&slideShowPlaying=true,128
113,807,129,Almacén,Almacén en Cabo Cañaveral de Contoso,Activado,2004-02-14,2090-12-31,747,260-555-0119,260-555-0119,Not Yet Closed,33,560,2009-06-18 00:00:00,http://photosynth.net/embed.aspx?cid=a32ab621-0d0d-4029-b8e8-5dbca05625eb&delayLoad=false&slideShowPlaying=true,129
114,782,130,Almacén,Almacén en Albania de Contoso,Activado,2004-02-12,2090-12-31,748,697-555-0142,697-555-0142,Not Yet Closed,47,1125,2009-06-16 00:00:00,http://photosynth.net/embed.aspx?cid=a32ab621-0d0d-4029-b8e8-5dbca05625eb&delayLoad=false&slideShowPlaying=true,130
115,890,131,Almacén,Almacén nº 1 en Nueva York de Contoso,Activado,2004-03-01,2090-12-31,749,571-555-0179,571-555-0179,Not Yet Closed,22,500,2009-06-17 00:00:00,http://photosynth.net/embed.aspx?cid=a32ab621-0d0d-4029-b8e8-5dbca05625eb&delayLoad=false&slideShowPlaying=true,131
116,922,132,Almacén,Almacén nº 1 en Rochester de Contoso,Activado,2004-04-02,2090-12-31,750,147-555-0179,147-555-0179,Not Yet Closed,17,462,2009-06-16 00:00:00,http://photosynth.net/embed.aspx?cid=a32ab621-0d0d-4029-b8e8-5dbca05625eb&delayLoad=false&slideShowPlaying=true,132
117,890,131,Almacén,Almacén nº 2 en Nueva York de Contoso,Activado,2005-05-15,2090-12-31,751,540-555-0191,540-555-0191,Not Yet Closed,25,700,2009-06-17 00:00:00,http://photosynth.net/embed.aspx?cid=a32ab621-0d0d-4029-b8e8-5dbca05625eb&delayLoad=false&slideShowPlaying=true,131
118,936,133,Almacén,Almacén en Siracusa de Contoso,Activado,2004-06-16,2090-12-31,752,234-555-0169,234-555-0169,Not Yet Closed,26,680,2009-06-18 00:00:00,http://photosynth.net/embed.aspx?cid=a32ab621-0d0d-4029-b8e8-5dbca05625eb&delayLoad=false&slideShowPlaying=true,133
119,805,134,Almacén,Almacén en Buffalo de Contoso,Desactivado,2004-07-02,2008-09-22,753,185-555-0186,185-555-0186,Store,19,455,2009-06-16 00:00:00,http://photosynth.net/embed.aspx?cid=a32ab621-0d0d-4029-b8e8-5dbca05625eb&delayLoad=false&slideShowPlaying=true,134
120,911,139,Almacén,Almacén en Plattsburgh de Contoso,Activado,2004-08-18,2090-12-31,754,727-555-0112,727-555-0112,Not Yet Closed,33,560,2009-06-17 00:00:00,http://photosynth.net/embed.aspx?cid=a32ab621-0d0d-4029-b8e8-5dbca05625eb&delayLoad=false&slideShowPlaying=true,139
121,804,140,Almacén,Almacén en Brooklyn de Contoso,Activado,2004-09-19,2090-12-31,755,158-555-0191,158-555-0191,Not Yet Closed,47,1125,2009-06-16 00:00:00,http://photosynth.net/embed.aspx?cid=a32ab621-0d0d-4029-b8e8-5dbca05625eb&delayLoad=false&slideShowPlaying=true,140
122,902,141,Almacén,Almacén en Oswego de Contoso,Activado,2004-10-20,2090-12-31,756,785-555-0110,785-555-0110,Not Yet Closed,22,500,2009-06-17 00:00:00,http://photosynth.net/embed.aspx?cid=a32ab621-0d0d-4029-b8e8-5dbca05625eb&delayLoad=false&slideShowPlaying=true,141
123,852,142,Almacén,Almacén en Ithaca de Contoso,Activado,2004-11-21,2090-12-31,757,361-555-0180,361-555-0180,Not Yet Closed,17,460,2009-06-18 00:00:00,http://photosynth.net/embed.aspx?cid=a32ab621-0d0d-4029-b8e8-5dbca05625eb&delayLoad=false&slideShowPlaying=true,142
124,922,132,Almacén,Almacén nº 2 en Rochester de Contoso,Activado,2004-12-22,2090-12-31,758,510-555-0121,510-555-0121,Not Yet Closed,25,700,2009-06-16 00:00:00,http://photosynth.net/embed.aspx?cid=a32ab621-0d0d-4029-b8e8-5dbca05625eb&delayLoad=false&slideShowPlaying=true,132
125,916,143,Almacén,Almacén en Queens de Contoso,Activado,2006-01-23,2090-12-31,759,150-555-0194,150-555-0194,Not Yet Closed,25,700,2009-06-17 00:00:00,http://photosynth.net/embed.aspx?cid=a32ab621-0d0d-4029-b8e8-5dbca05625eb&delayLoad=false&slideShowPlaying=true,143
126,823,144,Almacén,Almacén en Elmira de Contoso,Activado,2004-02-24,2090-12-31,760,139-555-0120,139-555-0120,Not Yet Closed,26,680,2009-06-16 00:00:00,http://photosynth.net/embed.aspx?cid=a32ab621-0d0d-4029-b8e8-5dbca05625eb&delayLoad=false&slideShowPlaying=true,144
127,912,145,Almacén,Almacén en Poestenkill de Contoso,Activado,2004-01-25,2090-12-31,761,712-555-0113,712-555-0113,Not Yet Closed,19,455,2009-06-17 00:00:00,http://photosynth.net/embed.aspx?cid=a32ab621-0d0d-4029-b8e8-5dbca05625eb&delayLoad=false&slideShowPlaying=true,145
128,943,146,Almacén,Almacén nº 1 en Trenton de Contoso,Activado,2004-03-26,2090-12-31,762,350-555-0167,350-555-0167,Not Yet Closed,33,560,2009-06-18 00:00:00,http://photosynth.net/embed.aspx?cid=a32ab621-0d0d-4029-b8e8-5dbca05625eb&delayLoad=false&slideShowPlaying=true,146
129,943,146,Almacén,Almacén nº 2 en Trenton de Contoso,Desactivado,2004-07-27,2008-12-12,763,241-555-0191,241-555-0191,Relocation,47,1125,2009-06-16 00:00:00,http://photosynth.net/embed.aspx?cid=a32ab621-0d0d-4029-b8e8-5dbca05625eb&delayLoad=false&slideShowPlaying=true,146
130,891,147,Almacén,Almacén nº 1 en Newark de Contoso,Activado,2004-08-28,2090-12-31,764,119-555-0192,119-555-0192,Not Yet Closed,22,500,2009-06-17 00:00:00,http://photosynth.net/embed.aspx?cid=a32ab621-0d0d-4029-b8e8-5dbca05625eb&delayLoad=false&slideShowPlaying=true,147
131,891,147,Almacén,Almacén nº 2 en Newark de Contoso,Activado,2004-09-29,2090-12-31,765,200-555-0112,200-555-0112,Not Yet Closed,17,462,2009-06-16 00:00:00,http://photosynth.net/embed.aspx?cid=a32ab621-0d0d-4029-b8e8-5dbca05625eb&delayLoad=false&slideShowPlaying=true,147
132,854,148,Almacén,Almacén en Jersey City de Contoso,Activado,2004-11-02,2090-12-31,766,205-555-0132,205-555-0132,Not Yet Closed,25,700,2009-06-17 00:00:00,http://photosynth.net/embed.aspx?cid=a32ab621-0d0d-4029-b8e8-5dbca05625eb&delayLoad=false&slideShowPlaying=true,148
133,908,149,Almacén,Almacén en Paterson de Contoso,Activado,2008-12-03,2090-12-31,767,653-555-0144,653-555-0144,Not Yet Closed,26,680,2009-06-18 00:00:00,http://photosynth.net/embed.aspx?cid=a32ab621-0d0d-4029-b8e8-5dbca05625eb&delayLoad=false&slideShowPlaying=true,149
134,814,150,Almacén,Almacén en Clifton de Contoso,Activado,2004-01-24,2090-12-31,768,417-555-0154,417-555-0154,Not Yet Closed,26,680,2009-06-16 00:00:00,http://photosynth.net/embed.aspx?cid=a32ab621-0d0d-4029-b8e8-5dbca05625eb&delayLoad=false&slideShowPlaying=true,150
135,820,151,Almacén,Almacén en East Orange de Contoso,Activado,2004-02-15,2090-12-31,769,935-555-0199,935-555-0199,Not Yet Closed,19,455,2009-06-17 00:00:00,http://photosynth.net/embed.aspx?cid=a32ab621-0d0d-4029-b8e8-5dbca05625eb&delayLoad=false&slideShowPlaying=true,151
136,907,152,Almacén,Almacén en Passaic de Contoso,Activado,2004-03-16,2090-12-31,770,180-555-0136,180-555-0136,Not Yet Closed,33,560,2009-06-16 00:00:00,http://photosynth.net/embed.aspx?cid=a32ab621-0d0d-4029-b8e8-5dbca05625eb&delayLoad=false&slideShowPlaying=true,152
137,797,153,Almacén,Almacén en Bayonne de Contoso,Activado,2004-04-17,2090-12-31,771,500-555-0159,500-555-0159,Not Yet Closed,47,1125,2009-06-17 00:00:00,http://photosynth.net/embed.aspx?cid=a32ab621-0d0d-4029-b8e8-5dbca05625eb&delayLoad=false&slideShowPlaying=true,153
138,945,154,Almacén,Almacén en Vineland de Contoso,Activado,2004-05-18,2090-12-31,772,984-555-0148,984-555-0148,Not Yet Closed,22,500,2009-06-18 00:00:00,http://photosynth.net/embed.aspx?cid=a32ab621-0d0d-4029-b8e8-5dbca05625eb&delayLoad=false&slideShowPlaying=true,154
139,886,155,Almacén,Almacén en New Brunswick de Contoso,Activado,2004-06-19,2090-12-31,773,533-555-0111,533-555-0111,Not Yet Closed,17,462,2009-06-16 00:00:00,http://photosynth.net/embed.aspx?cid=a32ab621-0d0d-4029-b8e8-5dbca05625eb&delayLoad=false&slideShowPlaying=true,155
140,842,156,Almacén,Almacén en Hackensack de Contoso,Activado,2004-07-20,2090-12-31,774,352-555-0138,352-555-0138,Not Yet Closed,25,700,2009-06-17 00:00:00,http://photosynth.net/embed.aspx?cid=a32ab621-0d0d-4029-b8e8-5dbca05625eb&delayLoad=false&slideShowPlaying=true,156
141,788,157,Almacén,Almacén en Atlantic City de Contoso,Activado,2004-08-21,2090-12-31,775,446-555-0118,446-555-0118,Not Yet Closed,26,680,2009-06-16 00:00:00,http://photosynth.net/embed.aspx?cid=a32ab621-0d0d-4029-b8e8-5dbca05625eb&delayLoad=false&slideShowPlaying=true,157
142,880,158,Almacén,Almacén en Montclair de Contoso,Activado,2004-09-22,2090-12-31,776,955-555-0169,955-555-0169,Not Yet Closed,19,455,2009-06-17 00:00:00,http://photosynth.net/embed.aspx?cid=a32ab621-0d0d-4029-b8e8-5dbca05625eb&delayLoad=false&slideShowPlaying=true,158
143,847,159,Almacén,Almacén en Hobok de Contoso,Activado,2004-10-23,2090-12-31,777,110-555-0182,110-555-0182,Not Yet Closed,33,560,2009-06-18 00:00:00,http://photosynth.net/embed.aspx?cid=a32ab621-0d0d-4029-b8e8-5dbca05625eb&delayLoad=false&slideShowPlaying=true,159
144,882,160,Almacén,Almacén en Morristown de Contoso,Activado,2004-11-24,2090-12-31,778,646-555-0185,646-555-0185,Not Yet Closed,47,1125,2009-06-16 00:00:00,http://photosynth.net/embed.aspx?cid=a32ab621-0d0d-4029-b8e8-5dbca05625eb&delayLoad=false&slideShowPlaying=true,160
145,808,161,Almacén,Almacén en Cape May de Contoso,Activado,2004-12-02,2090-12-31,779,615-555-0110,615-555-0110,Not Yet Closed,22,500,2009-06-17 00:00:00,http://photosynth.net/embed.aspx?cid=a32ab621-0d0d-4029-b8e8-5dbca05625eb&delayLoad=false&slideShowPlaying=true,161
146,802,162,Almacén,Almacén en Boston de Contoso,Activado,2004-11-06,2090-12-31,780,615-555-0110,615-555-0110,Not Yet Closed,17,460,2009-06-16 00:00:00,http://photosynth.net/embed.aspx?cid=a32ab621-0d0d-4029-b8e8-5dbca05625eb&delayLoad=false&slideShowPlaying=true,162
147,952,163,Almacén,Almacén nº 1 en Worcester de Contoso,Activado,2004-10-17,2090-12-31,781,441-555-0195,441-555-0195,Not Yet Closed,25,700,2009-06-17 00:00:00,http://photosynth.net/embed.aspx?cid=a32ab621-0d0d-4029-b8e8-5dbca05625eb&delayLoad=false&slideShowPlaying=true,163
148,952,163,Almacén,Almacén nº 2 en Worcester de Contoso,Desactivado,2004-02-18,2009-07-12,782,118-555-0110,118-555-0110,Relocation,25,700,2009-06-18 00:00:00,http://photosynth.net/embed.aspx?cid=a32ab621-0d0d-4029-b8e8-5dbca05625eb&delayLoad=false&slideShowPlaying=true,163
149,885,164,Almacén,Almacén en Bedford de Contoso,Activado,2004-02-19,2090-12-31,783,965-555-0155,965-555-0155,Not Yet Closed,26,680,2009-06-16 00:00:00,http://photosynth.net/embed.aspx?cid=a32ab621-0d0d-4029-b8e8-5dbca05625eb&delayLoad=false&slideShowPlaying=true,164
150,789,165,Almacén,Almacén en Attleboro de Contoso,Activado,2004-02-20,2090-12-31,784,589-555-0147,589-555-0147,Not Yet Closed,19,455,2009-06-17 00:00:00,http://photosynth.net/embed.aspx?cid=a32ab621-0d0d-4029-b8e8-5dbca05625eb&delayLoad=false&slideShowPlaying=true,165
151,868,166,Almacén,Almacén en Lowell de Contoso,Activado,2004-02-21,2090-12-31,785,181-555-0124,181-555-0124,Not Yet Closed,33,560,2009-06-16 00:00:00,http://photosynth.net/embed.aspx?cid=a32ab621-0d0d-4029-b8e8-5dbca05625eb&delayLoad=false&slideShowPlaying=true,166
152,861,167,Almacén,Almacén en Leominster de Contoso,Activado,2004-02-22,2090-12-31,786,678-555-0110,678-555-0110,Not Yet Closed,47,1125,2009-06-17 00:00:00,http://photosynth.net/embed.aspx?cid=a32ab621-0d0d-4029-b8e8-5dbca05625eb&delayLoad=false&slideShowPlaying=true,167
153,846,168,Almacén,Almacén en Hingham de Contoso,Activado,2004-01-17,2090-12-31,787,696-555-0157,696-555-0157,Not Yet Closed,22,500,2009-06-18 00:00:00,http://photosynth.net/embed.aspx?cid=a32ab621-0d0d-4029-b8e8-5dbca05625eb&delayLoad=false&slideShowPlaying=true,168
154,917,169,Almacén,Almacén en Quincy de Contoso,Activado,2004-02-18,2090-12-31,788,870-555-0122,870-555-0122,Not Yet Closed,17,462,2009-06-16 00:00:00,http://photosynth.net/embed.aspx?cid=a32ab621-0d0d-4029-b8e8-5dbca05625eb&delayLoad=false&slideShowPlaying=true,169
155,832,170,Almacén,Almacén en Framingham de Contoso,Activado,2004-03-19,2090-12-31,789,182-555-0134,182-555-0134,Not Yet Closed,25,700,2009-06-17 00:00:00,http://photosynth.net/embed.aspx?cid=a32ab621-0d0d-4029-b8e8-5dbca05625eb&delayLoad=false&slideShowPlaying=true,170
156,449,171,Almacén,Almacén en Cambridge de Contoso,Activado,2004-04-20,2090-12-31,790,594-555-0110,594-555-0110,Not Yet Closed,26,680,2009-06-16 00:00:00,http://photosynth.net/embed.aspx?cid=a32ab621-0d0d-4029-b8e8-5dbca05625eb&delayLoad=false&slideShowPlaying=true,171
157,931,172,Almacén,Almacén en Somerville de Contoso,Activado,2004-05-21,2090-12-31,791,587-555-0114,587-555-0114,Not Yet Closed,26,680,2009-06-17 00:00:00,http://photosynth.net/embed.aspx?cid=a32ab621-0d0d-4029-b8e8-5dbca05625eb&delayLoad=false&slideShowPlaying=true,172
158,844,173,Almacén,Almacén en Haverhill de Contoso,Activado,2004-06-22,2090-12-31,792,368-555-0113,368-555-0113,Not Yet Closed,19,455,2009-06-18 00:00:00,http://photosynth.net/embed.aspx?cid=a32ab621-0d0d-4029-b8e8-5dbca05625eb&delayLoad=false&slideShowPlaying=true,173
159,869,174,Almacén,Almacén en Lynn de Contoso,Activado,2004-07-23,2090-12-31,793,869-555-0119,869-555-0119,Not Yet Closed,33,560,2009-06-16 00:00:00,http://photosynth.net/embed.aspx?cid=a32ab621-0d0d-4029-b8e8-5dbca05625eb&delayLoad=false&slideShowPlaying=true,174
160,895,175,Almacén,Almacén en Northampton de Contoso,Activado,2004-08-24,2090-12-31,794,806-555-0136,806-555-0136,Not Yet Closed,47,1125,2009-06-17 00:00:00,http://photosynth.net/embed.aspx?cid=a32ab621-0d0d-4029-b8e8-5dbca05625eb&delayLoad=false&slideShowPlaying=true,175
161,848,176,Almacén,Almacén en Holyoke de Contoso,Activado,2004-08-25,2090-12-31,795,819-555-0198,819-555-0198,Not Yet Closed,22,500,2009-06-16 00:00:00,http://photosynth.net/embed.aspx?cid=a32ab621-0d0d-4029-b8e8-5dbca05625eb&delayLoad=false&slideShowPlaying=true,176
162,909,177,Almacén,Almacén en Pittsfield de Contoso,Desactivado,2004-10-26,2009-07-12,796,173-555-0179,173-555-0179,Relocation,17,462,2009-06-17 00:00:00,http://photosynth.net/embed.aspx?cid=a32ab621-0d0d-4029-b8e8-5dbca05625eb&delayLoad=false&slideShowPlaying=true,177
163,826,178,Almacén,Almacén en Falmouth de Contoso,Activado,2004-11-27,2090-12-31,797,429-555-0137,429-555-0137,Not Yet Closed,25,700,2009-06-18 00:00:00,http://photosynth.net/embed.aspx?cid=a32ab621-0d0d-4029-b8e8-5dbca05625eb&delayLoad=false&slideShowPlaying=true,178
164,914,179,Almacén,Almacén en Provincetown de Contoso,Activado,2004-12-02,2090-12-31,798,181-555-0156,181-555-0156,Not Yet Closed,26,680,2009-06-16 00:00:00,http://photosynth.net/embed.aspx?cid=a32ab621-0d0d-4029-b8e8-5dbca05625eb&delayLoad=false&slideShowPlaying=true,179
165,883,180,Almacén,Almacén en Nantucket de Contoso,Activado,2004-11-06,2090-12-31,799,810-555-0178,810-555-0178,Not Yet Closed,19,455,2009-06-17 00:00:00,http://photosynth.net/embed.aspx?cid=a32ab621-0d0d-4029-b8e8-5dbca05625eb&delayLoad=false&slideShowPlaying=true,180
166,795,181,Almacén,Almacén en Bangor de Contoso,Activado,2004-10-17,2090-12-31,800,201-555-0163,201-555-0163,Not Yet Closed,33,560,2009-06-16 00:00:00,http://photosynth.net/embed.aspx?cid=a32ab621-0d0d-4029-b8e8-5dbca05625eb&delayLoad=false&slideShowPlaying=true,181
167,796,182,Almacén,Almacén en Bar Harbor de Contoso,Activado,2004-02-18,2090-12-31,801,746-555-0164,746-555-0164,Not Yet Closed,47,1125,2009-06-17 00:00:00,http://photosynth.net/embed.aspx?cid=a32ab621-0d0d-4029-b8e8-5dbca05625eb&delayLoad=false&slideShowPlaying=true,182
168,855,183,Almacén,Almacén en Kennebunkport de Contoso,Activado,2004-02-19,2090-12-31,802,587-555-0115,587-555-0115,Not Yet Closed,22,500,2009-06-18 00:00:00,http://photosynth.net/embed.aspx?cid=a32ab621-0d0d-4029-b8e8-5dbca05625eb&delayLoad=false&slideShowPlaying=true,183
169,862,184,Almacén,Almacén en Lewiston de Contoso,Activado,2004-02-20,2090-12-31,803,140-555-0132,140-555-0132,Not Yet Closed,17,460,2009-06-16 00:00:00,http://photosynth.net/embed.aspx?cid=a32ab621-0d0d-4029-b8e8-5dbca05625eb&delayLoad=false&slideShowPlaying=true,184
170,900,185,Almacén,Almacén en Orono de Contoso,Activado,2004-02-21,2090-12-31,804,309-555-0170,309-555-0170,Not Yet Closed,25,700,2009-06-17 00:00:00,http://photosynth.net/embed.aspx?cid=a32ab621-0d0d-4029-b8e8-5dbca05625eb&delayLoad=false&slideShowPlaying=true,185
171,932,186,Almacén,Almacén en South Portland de Contoso,Activado,2004-02-22,2090-12-31,805,990-555-0172,990-555-0172,Not Yet Closed,25,700,2009-06-16 00:00:00,http://photosynth.net/embed.aspx?cid=a32ab621-0d0d-4029-b8e8-5dbca05625eb&delayLoad=false&slideShowPlaying=true,186
172,843,187,Almacén,Almacén en Hartford de Contoso,Activado,2004-01-17,2090-12-31,806,117-555-0185,117-555-0185,Not Yet Closed,26,680,2009-06-17 00:00:00,http://photosynth.net/embed.aspx?cid=a32ab621-0d0d-4029-b8e8-5dbca05625eb&delayLoad=false&slideShowPlaying=true,187
173,801,188,Almacén,Contoso Bridgeport almacén,Activado,2004-02-18,2090-12-31,807,609-555-0153,609-555-0153,Not Yet Closed,19,455,2009-06-18 00:00:00,http://photosynth.net/embed.aspx?cid=a32ab621-0d0d-4029-b8e8-5dbca05625eb&delayLoad=false&slideShowPlaying=true,188
174,948,189,Almacén,Almacén en Waterbury de Contoso,Activado,2004-03-19,2090-12-31,808,238-555-0116,238-555-0116,Not Yet Closed,33,560,2009-06-16 00:00:00,http://photosynth.net/embed.aspx?cid=a32ab621-0d0d-4029-b8e8-5dbca05625eb&delayLoad=false&slideShowPlaying=true,189
175,896,190,Almacén,Almacén en Old Saybrook de Contoso,Activado,2004-04-20,2090-12-31,809,100-555-0174,100-555-0174,Not Yet Closed,47,1125,2009-06-17 00:00:00,http://photosynth.net/embed.aspx?cid=a32ab621-0d0d-4029-b8e8-5dbca05625eb&delayLoad=false&slideShowPlaying=true,190
176,816,191,Almacén,Almacén en Darien de Contoso,Activado,2004-05-21,2090-12-31,810,438-555-0172,438-555-0172,Not Yet Closed,22,500,2009-06-16 00:00:00,http://photosynth.net/embed.aspx?cid=a32ab621-0d0d-4029-b8e8-5dbca05625eb&delayLoad=false&slideShowPlaying=true,191
177,888,192,Almacén,Almacén en New Haven de Contoso,Activado,2004-06-22,2090-12-31,811,118-555-0177,118-555-0177,Not Yet Closed,17,462,2009-06-17 00:00:00,http://photosynth.net/embed.aspx?cid=a32ab621-0d0d-4029-b8e8-5dbca05625eb&delayLoad=false&slideShowPlaying=true,192
178,864,193,Almacén,Almacén en el condado de Litchfield de Contoso,Activado,2004-07-23,2090-12-31,812,164-555-0114,164-555-0114,Not Yet Closed,25,700,2009-06-18 00:00:00,http://photosynth.net/embed.aspx?cid=a32ab621-0d0d-4029-b8e8-5dbca05625eb&delayLoad=false&slideShowPlaying=true,193
179,889,194,Almacén,Almacén en New London de Contoso,Activado,2004-08-24,2090-12-31,813,156-555-0199,156-555-0199,Not Yet Closed,26,680,2009-06-16 00:00:00,http://photosynth.net/embed.aspx?cid=a32ab621-0d0d-4029-b8e8-5dbca05625eb&delayLoad=false&slideShowPlaying=true,194
180,892,195,Almacén,Almacén en Norfolk de Contoso,Activado,2004-08-25,2090-12-31,814,712-555-0170,712-555-0170,Not Yet Closed,26,680,2009-06-17 00:00:00,http://photosynth.net/embed.aspx?cid=a32ab621-0d0d-4029-b8e8-5dbca05625eb&delayLoad=false&slideShowPlaying=true,195
181,946,196,Almacén,Almacén en Virginia Beach de Contoso,Activado,2004-10-26,2090-12-31,815,753-555-0129,753-555-0129,Not Yet Closed,19,455,2009-06-16 00:00:00,http://photosynth.net/embed.aspx?cid=a32ab621-0d0d-4029-b8e8-5dbca05625eb&delayLoad=false&slideShowPlaying=true,196
182,951,197,Almacén,Almacén en Winchester de Contoso,Activado,2004-11-27,2090-12-31,816,654-555-0177,654-555-0177,Not Yet Closed,33,560,2009-06-17 00:00:00,http://photosynth.net/embed.aspx?cid=a32ab621-0d0d-4029-b8e8-5dbca05625eb&delayLoad=false&slideShowPlaying=true,197
183,784,111,Almacén,Almacén en Anchorage de Contoso,Activado,2004-12-02,2090-12-31,817,110-555-0115,110-555-0115,Not Yet Closed,47,1125,2009-06-18 00:00:00,http://photosynth.net/embed.aspx?cid=a32ab621-0d0d-4029-b8e8-5dbca05625eb&delayLoad=false&slideShowPlaying=true,111
184,783,198,Almacén,Almacén en Alejandría de Contoso,Desactivado,2004-11-06,2009-07-12,818,822-555-0145,822-555-0145,Relocation,22,500,2009-06-16 00:00:00,http://photosynth.net/embed.aspx?cid=a32ab621-0d0d-4029-b8e8-5dbca05625eb&delayLoad=false&slideShowPlaying=true,198
185,921,199,Almacén,Almacén en Roanoke de Contoso,Activado,2004-10-17,2090-12-31,819,559-555-0175,559-555-0175,Not Yet Closed,17,462,2009-06-17 00:00:00,http://photosynth.net/embed.aspx?cid=a32ab621-0d0d-4029-b8e8-5dbca05625eb&delayLoad=false&slideShowPlaying=true,199
186,811,200,Almacén,Almacén en Charlottesville de Contoso,Activado,2004-02-18,2090-12-31,820,751-555-0134,751-555-0134,Not Yet Closed,25,700,2009-06-16 00:00:00,http://photosynth.net/embed.aspx?cid=a32ab621-0d0d-4029-b8e8-5dbca05625eb&delayLoad=false&slideShowPlaying=true,200
187,833,201,Almacén,Almacén en Fredericksburg de Contoso,Activado,2004-02-19,2090-12-31,821,319-555-0126,319-555-0126,Not Yet Closed,26,680,2009-06-17 00:00:00,http://photosynth.net/embed.aspx?cid=a32ab621-0d0d-4029-b8e8-5dbca05625eb&delayLoad=false&slideShowPlaying=true,201
188,873,202,Almacén,Almacén en Martinsville de Contoso,Activado,2004-02-20,2090-12-31,822,809-555-0133,809-555-0133,Not Yet Closed,19,455,2009-06-18 00:00:00,http://photosynth.net/embed.aspx?cid=a32ab621-0d0d-4029-b8e8-5dbca05625eb&delayLoad=false&slideShowPlaying=true,202
189,841,203,Almacén,Almacén en Greenville de Contoso,Activado,2004-02-21,2090-12-31,823,517-555-0122,517-555-0122,Not Yet Closed,33,560,2009-06-16 00:00:00,http://photosynth.net/embed.aspx?cid=a32ab621-0d0d-4029-b8e8-5dbca05625eb&delayLoad=false&slideShowPlaying=true,203
190,810,204,Almacén,Almacén en Charleston de Contoso,Activado,2004-02-22,2090-12-31,824,552-555-0111,552-555-0111,Not Yet Closed,47,1125,2009-06-17 00:00:00,http://photosynth.net/embed.aspx?cid=a32ab621-0d0d-4029-b8e8-5dbca05625eb&delayLoad=false&slideShowPlaying=true,204
191,785,205,Almacén,Almacén en Annapolis de Contoso,Activado,2004-01-17,2090-12-31,825,908-555-0159,908-555-0159,Not Yet Closed,22,500,2009-06-16 00:00:00,http://photosynth.net/embed.aspx?cid=a32ab621-0d0d-4029-b8e8-5dbca05625eb&delayLoad=false&slideShowPlaying=true,205
192,794,206,Almacén,Almacén en Baltimore de Contoso,Activado,2004-02-18,2090-12-31,826,508-555-0129,508-555-0129,Not Yet Closed,17,460,2009-06-17 00:00:00,http://photosynth.net/embed.aspx?cid=a32ab621-0d0d-4029-b8e8-5dbca05625eb&delayLoad=false&slideShowPlaying=true,206
193,850,207,Almacén,Almacén en Howard de Contoso,Activado,2004-03-19,2090-12-31,827,167-555-0139,167-555-0139,Not Yet Closed,25,700,2009-06-18 00:00:00,http://photosynth.net/embed.aspx?cid=a32ab621-0d0d-4029-b8e8-5dbca05625eb&delayLoad=false&slideShowPlaying=true,207
194,920,208,Almacén,Almacén en Ridgely de Contoso,Activado,2004-04-20,2090-12-31,828,310-555-0133,310-555-0133,Not Yet Closed,25,700,2009-06-16 00:00:00,http://photosynth.net/embed.aspx?cid=a32ab621-0d0d-4029-b8e8-5dbca05625eb&delayLoad=false&slideShowPlaying=true,208
195,915,209,Almacén,Almacén en Queen Anne's County de Contoso,Activado,2004-05-21,2090-12-31,829,106-555-0120,106-555-0120,Not Yet Closed,26,680,2009-06-17 00:00:00,http://photosynth.net/embed.aspx?cid=a32ab621-0d0d-4029-b8e8-5dbca05625eb&delayLoad=false&slideShowPlaying=true,209
196,905,210,Almacén,Almacén en Parkville de Contoso,Activado,2004-06-22,2090-12-31,830,949-555-0174,949-555-0174,Not Yet Closed,19,455,2009-06-16 00:00:00,http://photosynth.net/embed.aspx?cid=a32ab621-0d0d-4029-b8e8-5dbca05625eb&delayLoad=false&slideShowPlaying=true,210
197,792,211,Almacén,Almacén en Back River de Contoso,Activado,2004-07-23,2090-12-31,831,955-555-0131,955-555-0131,Not Yet Closed,33,560,2009-06-17 00:00:00,http://photosynth.net/embed.aspx?cid=a32ab621-0d0d-4029-b8e8-5dbca05625eb&delayLoad=false&slideShowPlaying=true,211
198,835,77,Almacén,Almacén en North Harford de Contoso,Activado,2004-08-24,2090-12-31,832,817-555-0186,817-555-0186,Not Yet Closed,47,1125,2009-06-18 00:00:00,http://photosynth.net/embed.aspx?cid=a32ab621-0d0d-4029-b8e8-5dbca05625eb&delayLoad=false&slideShowPlaying=true,77
199,800,212,En línea,Tienda en línea en Norteamérica de Contoso,Activado,2004-08-25,2090-12-31,59,450-555-0152,450-555-0152,Not Yet Closed,325,500,2009-06-16 00:00:00,http://photosynth.net/embed.aspx?cid=a32ab621-0d0d-4029-b8e8-5dbca05625eb&delayLoad=false&slideShowPlaying=true,212
200,894,213,Catálogo,Almacén de catálogo de Contoso,Activado,2004-10-26,2090-12-31,58,278-555-0118,278-555-0118,Not Yet Closed,120,462,2009-06-17 00:00:00,http://photosynth.net/embed.aspx?cid=a32ab621-0d0d-4029-b8e8-5dbca05625eb&delayLoad=false&slideShowPlaying=true,213
201,506,219,Almacén,Almacén en Londres de Contoso,Activado,2004-11-27,2090-12-31,833,927-555-0168,927-555-0168,Not Yet Closed,17,462,2009-06-16 00:00:00,http://photosynth.net/embed.aspx?cid=a32ab621-0d0d-4029-b8e8-5dbca05625eb&delayLoad=false&slideShowPlaying=true,219
202,748,220,Almacén,Almacén en Edimburgo de Contoso,Activado,2004-08-02,2090-12-31,834,296-555-0121,296-555-0121,Not Yet Closed,25,700,2009-06-17 00:00:00,http://photosynth.net/embed.aspx?cid=a32ab621-0d0d-4029-b8e8-5dbca05625eb&delayLoad=false&slideShowPlaying=true,220
203,751,221,Almacén,Almacén en Glasgow de Contoso,Activado,2007-08-16,2090-12-31,835,289-555-0196,289-555-0196,Not Yet Closed,26,680,2009-06-18 00:00:00,http://photosynth.net/embed.aspx?cid=a32ab621-0d0d-4029-b8e8-5dbca05625eb&delayLoad=false&slideShowPlaying=true,221
204,576,222,Almacén,Almacén en York de Contoso,Activado,2004-08-27,2090-12-31,836,848-555-0163,848-555-0163,Not Yet Closed,78,680,2009-06-16 00:00:00,http://photosynth.net/embed.aspx?cid=a32ab621-0d0d-4029-b8e8-5dbca05625eb&delayLoad=false&slideShowPlaying=true,222
205,742,223,Almacén,Almacén en Carlisle de Contoso,Activado,2004-05-18,2090-12-31,837,165-555-0113,165-555-0113,Not Yet Closed,23,680,2009-06-17 00:00:00,http://photosynth.net/embed.aspx?cid=a32ab621-0d0d-4029-b8e8-5dbca05625eb&delayLoad=false&slideShowPlaying=true,223
206,761,224,Almacén,Almacén en Manchester de Contoso,Activado,2004-06-19,2090-12-31,838,869-555-0125,869-555-0125,Not Yet Closed,11,680,2009-06-16 00:00:00,http://photosynth.net/embed.aspx?cid=a32ab621-0d0d-4029-b8e8-5dbca05625eb&delayLoad=false&slideShowPlaying=true,224
207,755,225,Almacén,Almacén en Lancashire de Contoso,Activado,2004-07-20,2090-12-31,839,393-555-0186,393-555-0186,Not Yet Closed,36,680,2009-06-17 00:00:00,http://photosynth.net/embed.aspx?cid=a32ab621-0d0d-4029-b8e8-5dbca05625eb&delayLoad=false&slideShowPlaying=true,225
208,781,226,Almacén,Almacén en West Yorkshire de Contoso,Activado,2004-03-21,2090-12-31,840,318-555-0137,318-555-0137,Not Yet Closed,90,680,2009-06-18 00:00:00,http://photosynth.net/embed.aspx?cid=a32ab621-0d0d-4029-b8e8-5dbca05625eb&delayLoad=false&slideShowPlaying=true,226
209,738,227,Almacén,Almacén en Baildon de Contoso,Activado,2004-09-22,2090-12-31,841,138-555-0118,138-555-0118,Not Yet Closed,32,680,2009-06-16 00:00:00,http://photosynth.net/embed.aspx?cid=a32ab621-0d0d-4029-b8e8-5dbca05625eb&delayLoad=false&slideShowPlaying=true,227
210,743,228,Almacén,Almacén en Cheshire de Contoso,Activado,2004-04-23,2090-12-31,842,663-555-0172,663-555-0172,Not Yet Closed,18,680,2009-06-17 00:00:00,http://photosynth.net/embed.aspx?cid=a32ab621-0d0d-4029-b8e8-5dbca05625eb&delayLoad=false&slideShowPlaying=true,228
211,774,229,Almacén,Almacén en Stockport de Contoso,Activado,2004-11-24,2090-12-31,843,224-555-0187,224-555-0187,Not Yet Closed,34,680,2009-06-16 00:00:00,http://photosynth.net/embed.aspx?cid=a32ab621-0d0d-4029-b8e8-5dbca05625eb&delayLoad=false&slideShowPlaying=true,229
212,651,230,Almacén,Almacén en Liverpool de Contoso,Activado,2004-03-02,2090-12-31,844,313-555-0196,313-555-0196,Not Yet Closed,64,680,2009-06-17 00:00:00,http://photosynth.net/embed.aspx?cid=a32ab621-0d0d-4029-b8e8-5dbca05625eb&delayLoad=false&slideShowPlaying=true,230
213,753,231,Almacén,Almacén en Knotty Ash de Contoso,Activado,2004-03-26,2090-12-31,845,785-555-0132,785-555-0132,Not Yet Closed,24,680,2009-06-18 00:00:00,http://photosynth.net/embed.aspx?cid=a32ab621-0d0d-4029-b8e8-5dbca05625eb&delayLoad=false&slideShowPlaying=true,231
214,501,232,Almacén,Almacén en Leeds de Contoso,Activado,2004-06-27,2090-12-31,846,407-555-0165,407-555-0165,Not Yet Closed,25,680,2009-06-16 00:00:00,http://photosynth.net/embed.aspx?cid=a32ab621-0d0d-4029-b8e8-5dbca05625eb&delayLoad=false&slideShowPlaying=true,232
215,529,233,Almacén,Almacén en París de Contoso,Activado,2004-03-28,2090-12-31,847,139-555-0131,139-555-0131,Not Yet Closed,12,680,2009-06-17 00:00:00,http://photosynth.net/embed.aspx?cid=a32ab621-0d0d-4029-b8e8-5dbca05625eb&delayLoad=false&slideShowPlaying=true,233
216,762,234,Almacén,Almacén en Marsella de Contoso,Activado,2008-04-29,2090-12-31,854,142-555-0139,142-555-0139,Not Yet Closed,13,680,2009-06-16 00:00:00,http://photosynth.net/embed.aspx?cid=a32ab621-0d0d-4029-b8e8-5dbca05625eb&delayLoad=false&slideShowPlaying=true,234
217,759,235,Almacén,Almacén en Lyon de Contoso,Activado,2004-08-30,2090-12-31,855,207-555-0192,207-555-0192,Not Yet Closed,15,680,2009-06-17 00:00:00,http://photosynth.net/embed.aspx?cid=a32ab621-0d0d-4029-b8e8-5dbca05625eb&delayLoad=false&slideShowPlaying=true,235
218,777,236,Almacén,Almacén en Toulouse de Contoso,Activado,2004-09-11,2090-12-31,856,575-555-0126,575-555-0126,Not Yet Closed,23,680,2009-06-18 00:00:00,http://photosynth.net/embed.aspx?cid=a32ab621-0d0d-4029-b8e8-5dbca05625eb&delayLoad=false&slideShowPlaying=true,236
219,767,237,Almacén,Almacén en Niza de Contoso,Activado,2004-02-02,2090-12-31,857,315-555-0144,315-555-0144,Not Yet Closed,32,680,2009-06-16 00:00:00,http://photosynth.net/embed.aspx?cid=a32ab621-0d0d-4029-b8e8-5dbca05625eb&delayLoad=false&slideShowPlaying=true,237
220,766,238,Almacén,Almacén en Nantes de Contoso,Activado,2004-08-03,2090-12-31,858,991-555-0184,991-555-0184,Not Yet Closed,11,680,2009-06-17 00:00:00,http://photosynth.net/embed.aspx?cid=a32ab621-0d0d-4029-b8e8-5dbca05625eb&delayLoad=false&slideShowPlaying=true,238
221,775,239,Almacén,Almacén en Estrasburgo de Contoso,Activado,2004-09-04,2090-12-31,859,310-555-0117,310-555-0117,Not Yet Closed,10,630,2009-06-16 00:00:00,http://photosynth.net/embed.aspx?cid=a32ab621-0d0d-4029-b8e8-5dbca05625eb&delayLoad=false&slideShowPlaying=true,239
222,771,240,Almacén,Almacén en Roma de Contoso,Activado,2007-10-05,2090-12-31,860,927-555-0150,927-555-0150,Not Yet Closed,43,490,2009-06-17 00:00:00,http://photosynth.net/embed.aspx?cid=a32ab621-0d0d-4029-b8e8-5dbca05625eb&delayLoad=false&slideShowPlaying=true,240
223,779,241,Almacén,Almacén en Venecia de Contoso,Activado,2009-07-06,2090-12-31,861,330-555-2568,330-555-2568,Not Yet Closed,11,500,2009-06-18 00:00:00,http://photosynth.net/embed.aspx?cid=a32ab621-0d0d-4029-b8e8-5dbca05625eb&delayLoad=false&slideShowPlaying=true,241
224,749,242,Almacén,Almacén en Florencia de Contoso,Activado,2004-12-07,2090-12-31,862,110-555-0112,110-555-0112,Not Yet Closed,45,500,2009-06-16 00:00:00,http://photosynth.net/embed.aspx?cid=a32ab621-0d0d-4029-b8e8-5dbca05625eb&delayLoad=false&slideShowPlaying=true,242
225,776,243,Almacén,Almacén en Turín de Contoso,Activado,2004-03-18,2090-12-31,863,931-555-0118,931-555-0118,Not Yet Closed,24,500,2009-06-17 00:00:00,http://photosynth.net/embed.aspx?cid=a32ab621-0d0d-4029-b8e8-5dbca05625eb&delayLoad=false&slideShowPlaying=true,243
226,763,244,Almacén,Almacén en Milán de Contoso,Activado,2004-04-09,2090-12-31,864,202-555-0187,202-555-0187,Not Yet Closed,23,500,2009-06-16 00:00:00,http://photosynth.net/embed.aspx?cid=a32ab621-0d0d-4029-b8e8-5dbca05625eb&delayLoad=false&slideShowPlaying=true,244
227,884,245,Almacén,Almacén en Nápoles de Contoso,Activado,2004-03-02,2090-12-31,865,492-555-0174,492-555-0174,Not Yet Closed,13,500,2009-06-17 00:00:00,http://photosynth.net/embed.aspx?cid=a32ab621-0d0d-4029-b8e8-5dbca05625eb&delayLoad=false&slideShowPlaying=true,245
228,586,246,Almacén,Almacén en Berlín de Contoso,Activado,2008-10-09,2090-12-31,866,730-555-0117,730-555-0117,Not Yet Closed,13,500,2009-06-18 00:00:00,http://photosynth.net/embed.aspx?cid=a32ab621-0d0d-4029-b8e8-5dbca05625eb&delayLoad=false&slideShowPlaying=true,246
230,754,247,Almacén,Contoso koln No.2 almacén,Activado,2004-05-15,2090-12-31,868,916-555-0165,916-555-0165,Not Yet Closed,25,500,2009-06-17 00:00:00,http://photosynth.net/embed.aspx?cid=a32ab621-0d0d-4029-b8e8-5dbca05625eb&delayLoad=false&slideShowPlaying=true,247
231,752,248,Almacén,Almacén en Hofheim de Contoso,Activado,2004-06-17,2090-12-31,869,405-555-0171,405-555-0171,Not Yet Closed,25,500,2009-06-16 00:00:00,http://photosynth.net/embed.aspx?cid=a32ab621-0d0d-4029-b8e8-5dbca05625eb&delayLoad=false&slideShowPlaying=true,248
232,754,249,Almacén,Almacén de Contoso koln n.º 1,Activado,2004-07-29,2090-12-31,870,583-555-0182,583-555-0182,Not Yet Closed,35,500,2009-06-17 00:00:00,http://photosynth.net/embed.aspx?cid=a32ab621-0d0d-4029-b8e8-5dbca05625eb&delayLoad=false&slideShowPlaying=true,249
233,756,250,Almacén,Almacén en Landstuhl de Contoso,Activado,2004-08-20,2090-12-31,871,447-555-0186,447-555-0186,Not Yet Closed,21,500,2009-06-18 00:00:00,http://photosynth.net/embed.aspx?cid=a32ab621-0d0d-4029-b8e8-5dbca05625eb&delayLoad=false&slideShowPlaying=true,250
234,747,251,Almacén,Almacén en Dusseldorf de Contoso,Activado,2007-09-12,2090-12-31,872,283-555-0185,283-555-0185,Not Yet Closed,24,500,2009-06-16 00:00:00,http://photosynth.net/embed.aspx?cid=a32ab621-0d0d-4029-b8e8-5dbca05625eb&delayLoad=false&slideShowPlaying=true,251
235,770,252,Almacén,Almacén en Ramstein de Contoso,Activado,2004-08-13,2090-12-31,873,555-555-0113,555-555-0113,Not Yet Closed,15,500,2009-06-17 00:00:00,http://photosynth.net/embed.aspx?cid=a32ab621-0d0d-4029-b8e8-5dbca05625eb&delayLoad=false&slideShowPlaying=true,252
236,739,253,Almacén,Almacén en Baumholder de Contoso,Activado,2004-06-25,2090-12-31,874,733-555-0128,733-555-0128,Not Yet Closed,28,500,2009-06-16 00:00:00,http://photosynth.net/embed.aspx?cid=a32ab621-0d0d-4029-b8e8-5dbca05625eb&delayLoad=false&slideShowPlaying=true,253
237,750,254,Almacén,Almacén en Giebelstadt de Contoso,Activado,2004-12-26,2090-12-31,875,264-555-0150,264-555-0150,Not Yet Closed,15,500,2009-06-17 00:00:00,http://photosynth.net/embed.aspx?cid=a32ab621-0d0d-4029-b8e8-5dbca05625eb&delayLoad=false&slideShowPlaying=true,254
238,769,255,Almacén,Almacén en Obamberg de Contoso,Activado,2004-05-27,2090-12-31,876,520-555-0177,520-555-0177,Not Yet Closed,29,500,2009-06-18 00:00:00,http://photosynth.net/embed.aspx?cid=a32ab621-0d0d-4029-b8e8-5dbca05625eb&delayLoad=false&slideShowPlaying=true,255
239,765,256,Almacén,Almacén en Munich de Contoso,Activado,2006-02-28,2090-12-31,877,497-555-0181,497-555-0181,Not Yet Closed,18,500,2009-06-16 00:00:00,http://photosynth.net/embed.aspx?cid=a32ab621-0d0d-4029-b8e8-5dbca05625eb&delayLoad=false&slideShowPlaying=true,256
240,736,257,Almacén,Almacén en Ámsterdam de Contoso,Activado,2004-03-29,2090-12-31,878,230-555-0144,230-555-0144,Not Yet Closed,26,680,2009-06-17 00:00:00,http://photosynth.net/embed.aspx?cid=a32ab621-0d0d-4029-b8e8-5dbca05625eb&delayLoad=false&slideShowPlaying=true,257
241,745,258,Almacén,Almacén en Copenhague de Contoso,Activado,2004-04-30,2090-12-31,879,123-555-0167,123-555-0167,Not Yet Closed,25,680,2009-06-16 00:00:00,http://photosynth.net/embed.aspx?cid=a32ab621-0d0d-4029-b8e8-5dbca05625eb&delayLoad=false&slideShowPlaying=true,258
242,773,259,Almacén,Almacén en Estocolmo de Contoso,Activado,2004-05-31,2090-12-31,880,208-555-0114,208-555-0114,Not Yet Closed,33,680,2009-06-17 00:00:00,http://photosynth.net/embed.aspx?cid=a32ab621-0d0d-4029-b8e8-5dbca05625eb&delayLoad=false&slideShowPlaying=true,259
243,760,260,Almacén,Almacén en Madrid de Contoso,Activado,2004-03-01,2090-12-31,881,166-555-0156,166-555-0156,Not Yet Closed,35,680,2009-06-18 00:00:00,http://photosynth.net/embed.aspx?cid=a32ab621-0d0d-4029-b8e8-5dbca05625eb&delayLoad=false&slideShowPlaying=true,260
244,758,261,Almacén,Almacén en Liubliana de Contoso,Activado,2004-07-02,2090-12-31,882,129-555-0199,129-555-0199,Not Yet Closed,36,680,2009-06-16 00:00:00,http://photosynth.net/embed.aspx?cid=a32ab621-0d0d-4029-b8e8-5dbca05625eb&delayLoad=false&slideShowPlaying=true,261
245,741,262,Almacén,Almacén en Bucarest de Contoso,Activado,2004-05-19,2090-12-31,883,163-555-0147,163-555-0147,Not Yet Closed,25,680,2009-06-17 00:00:00,http://photosynth.net/embed.aspx?cid=a32ab621-0d0d-4029-b8e8-5dbca05625eb&delayLoad=false&slideShowPlaying=true,262
246,740,263,Almacén,Almacén en Berne de Contoso,Activado,2004-04-20,2090-12-31,884,590-555-0152,590-555-0152,Not Yet Closed,53,680,2009-06-16 00:00:00,http://photosynth.net/embed.aspx?cid=a32ab621-0d0d-4029-b8e8-5dbca05625eb&delayLoad=false&slideShowPlaying=true,263
247,780,264,Almacén,Almacén en Varsovia de Contoso,Activado,2004-09-04,2090-12-31,885,680-555-0118,680-555-0118,Not Yet Closed,15,680,2009-06-17 00:00:00,http://photosynth.net/embed.aspx?cid=a32ab621-0d0d-4029-b8e8-5dbca05625eb&delayLoad=false&slideShowPlaying=true,264
248,778,265,Almacén,Almacén en Valletta de Contoso,Activado,2004-02-19,2090-12-31,886,265-555-0195,265-555-0195,Not Yet Closed,42,680,2009-06-18 00:00:00,http://photosynth.net/embed.aspx?cid=a32ab621-0d0d-4029-b8e8-5dbca05625eb&delayLoad=false&slideShowPlaying=true,265
249,746,266,Almacén,Almacén en Dublín de Contoso,Activado,2006-02-20,2090-12-31,887,720-555-0158,720-555-0158,Not Yet Closed,55,680,2009-06-16 00:00:00,http://photosynth.net/embed.aspx?cid=a32ab621-0d0d-4029-b8e8-5dbca05625eb&delayLoad=false&slideShowPlaying=true,266
250,737,267,Almacén,Almacén en Atenas de Contoso,Activado,2004-04-17,2090-12-31,888,237-555-0128,237-555-0128,Not Yet Closed,15,680,2009-06-17 00:00:00,http://photosynth.net/embed.aspx?cid=a32ab621-0d0d-4029-b8e8-5dbca05625eb&delayLoad=false&slideShowPlaying=true,267
251,728,268,Almacén,Almacén en Singapur de Contoso,Activado,2004-04-22,2090-12-31,848,842-555-0158,842-555-0158,Not Yet Closed,27,480,2009-06-16 00:00:00,http://photosynth.net/embed.aspx?cid=a32ab621-0d0d-4029-b8e8-5dbca05625eb&delayLoad=false&slideShowPlaying=true,268
252,713,296,Almacén,Almacén en Canberra de Contoso,Activado,2005-11-17,2090-12-31,889,413-555-0124,413-555-0124,Not Yet Closed,28,480,2009-06-17 00:00:00,http://photosynth.net/embed.aspx?cid=a32ab621-0d0d-4029-b8e8-5dbca05625eb&delayLoad=false&slideShowPlaying=true,296
253,558,294,Almacén,Almacén nº 1 en Sidney de Contoso,Activado,2005-06-27,2090-12-31,890,203-555-0196,203-555-0196,Not Yet Closed,20,480,2009-06-18 00:00:00,http://photosynth.net/embed.aspx?cid=a32ab621-0d0d-4029-b8e8-5dbca05625eb&delayLoad=false&slideShowPlaying=true,294
254,734,295,Almacén,Almacén en Ereván de Contoso,Activado,2004-03-28,2090-12-31,891,919-555-0140,919-555-0140,Not Yet Closed,15,480,2009-06-16 00:00:00,http://photosynth.net/embed.aspx?cid=a32ab621-0d0d-4029-b8e8-5dbca05625eb&delayLoad=false&slideShowPlaying=true,295
255,723,269,Almacén,Almacén en Nueva Delhi de Contoso,Activado,2004-04-29,2090-12-31,892,153-555-0166,153-555-0166,Not Yet Closed,29,480,2009-06-17 00:00:00,http://photosynth.net/embed.aspx?cid=a32ab621-0d0d-4029-b8e8-5dbca05625eb&delayLoad=false&slideShowPlaying=true,269
256,721,270,Almacén,Almacén en Bombay de Contoso,Activado,2004-07-30,2090-12-31,893,425-555-0117,425-555-0117,Not Yet Closed,35,480,2009-06-16 00:00:00,http://photosynth.net/embed.aspx?cid=a32ab621-0d0d-4029-b8e8-5dbca05625eb&delayLoad=false&slideShowPlaying=true,270
257,718,271,Almacén,Almacén en Calcuta de Contoso,Activado,2005-06-11,2090-12-31,894,491-555-0183,491-555-0183,Not Yet Closed,35,480,2009-06-17 00:00:00,http://photosynth.net/embed.aspx?cid=a32ab621-0d0d-4029-b8e8-5dbca05625eb&delayLoad=false&slideShowPlaying=true,271
258,731,272,Almacén,Almacén nº 1 en Thimphu de Contoso,Activado,2009-07-02,2090-12-31,895,295-555-0161,295-555-0161,Not Yet Closed,35,480,2009-06-18 00:00:00,http://photosynth.net/embed.aspx?cid=a32ab621-0d0d-4029-b8e8-5dbca05625eb&delayLoad=false&slideShowPlaying=true,272
259,716,273,Almacén,Almacén nº 1 en Hong Kong de Contoso,Activado,2004-08-03,2090-12-31,896,500-555-0172,500-555-0172,Not Yet Closed,35,480,2009-06-16 00:00:00,http://photosynth.net/embed.aspx?cid=a32ab621-0d0d-4029-b8e8-5dbca05625eb&delayLoad=false&slideShowPlaying=true,273
260,730,274,Almacén,Almacén nº 1 en Teherán de Contoso,Activado,2004-09-04,2090-12-31,897,325-555-0137,325-555-0137,Not Yet Closed,35,480,2009-06-17 00:00:00,http://photosynth.net/embed.aspx?cid=a32ab621-0d0d-4029-b8e8-5dbca05625eb&delayLoad=false&slideShowPlaying=true,274
261,714,275,Almacén,Almacén nº 1 en Damasco de Contoso,Activado,2007-10-05,2090-12-31,898,582-555-0148,582-555-0148,Not Yet Closed,35,480,2009-06-16 00:00:00,http://photosynth.net/embed.aspx?cid=a32ab621-0d0d-4029-b8e8-5dbca05625eb&delayLoad=false&slideShowPlaying=true,275
262,709,276,Almacén,Almacén nº 1 en Bangkok de Contoso,Activado,2008-11-06,2090-12-31,899,961-555-0122,961-555-0122,Not Yet Closed,62,480,2009-06-17 00:00:00,http://photosynth.net/embed.aspx?cid=a32ab621-0d0d-4029-b8e8-5dbca05625eb&delayLoad=false&slideShowPlaying=true,276
263,764,277,Almacén,Almacén nº 1 en Moscú de Contoso,Activado,2004-06-07,2090-12-31,900,254-555-0114,254-555-0114,Not Yet Closed,65,480,2009-06-18 00:00:00,http://photosynth.net/embed.aspx?cid=a32ab621-0d0d-4029-b8e8-5dbca05625eb&delayLoad=false&slideShowPlaying=true,277
264,708,278,Almacén,Almacén nº 1 en Asjabad de Contoso,Activado,2004-01-18,2090-12-31,901,521-555-0113,521-555-0113,Not Yet Closed,68,480,2009-06-16 00:00:00,http://photosynth.net/embed.aspx?cid=a32ab621-0d0d-4029-b8e8-5dbca05625eb&delayLoad=false&slideShowPlaying=true,278
265,717,279,Almacén,Almacén nº 1 en Islamabad de Contoso,Activado,2004-02-09,2090-12-31,902,306-555-0186,306-555-0186,Not Yet Closed,71,480,2009-06-17 00:00:00,http://photosynth.net/embed.aspx?cid=a32ab621-0d0d-4029-b8e8-5dbca05625eb&delayLoad=false&slideShowPlaying=true,279
267,732,281,Almacén,Almacén nº 1 en Tokio de Contoso,Activado,2004-04-02,2090-12-31,904,539-555-0149,539-555-0149,Not Yet Closed,68,480,2009-06-17 00:00:00,http://photosynth.net/embed.aspx?cid=a32ab621-0d0d-4029-b8e8-5dbca05625eb&delayLoad=false&slideShowPlaying=true,281
268,732,281,Almacén,Almacén nº 2 en Tokio de Contoso,Activado,2006-04-19,2090-12-31,905,228-555-0159,228-555-0159,Not Yet Closed,68,480,2009-06-18 00:00:00,http://photosynth.net/embed.aspx?cid=a32ab621-0d0d-4029-b8e8-5dbca05625eb&delayLoad=false&slideShowPlaying=true,281
269,735,282,Almacén,Almacén en Yokohama de Contoso,Activado,2004-05-15,2090-12-31,906,151-555-0113,151-555-0113,Not Yet Closed,77,480,2009-06-17 00:00:00,http://photosynth.net/embed.aspx?cid=a32ab621-0d0d-4029-b8e8-5dbca05625eb&delayLoad=false&slideShowPlaying=true,282
270,724,283,Almacén,Almacén nº 1 en Osaka de Contoso,Activado,2005-06-17,2090-12-31,907,295-555-0161,295-555-0161,Not Yet Closed,80,480,2009-06-18 00:00:00,http://photosynth.net/embed.aspx?cid=a32ab621-0d0d-4029-b8e8-5dbca05625eb&delayLoad=false&slideShowPlaying=true,283
271,722,284,Almacén,Almacén en Nagoya de Contoso,Activado,2008-08-18,2090-12-31,908,719-555-0181,719-555-0181,Not Yet Closed,50,480,2009-06-16 00:00:00,http://photosynth.net/embed.aspx?cid=a32ab621-0d0d-4029-b8e8-5dbca05625eb&delayLoad=false&slideShowPlaying=true,284
272,725,285,Almacén,Almacén en Sapporo de Contoso,Activado,2007-08-20,2090-12-31,909,125-555-0196,125-555-0196,Not Yet Closed,50,480,2009-06-17 00:00:00,http://photosynth.net/embed.aspx?cid=a32ab621-0d0d-4029-b8e8-5dbca05625eb&delayLoad=false&slideShowPlaying=true,285
273,719,286,Almacén,Almacén en Kyoto de Contoso,Activado,2009-09-02,2090-12-31,910,473-555-0117,473-555-0117,Not Yet Closed,50,480,2009-06-16 00:00:00,http://photosynth.net/embed.aspx?cid=a32ab621-0d0d-4029-b8e8-5dbca05625eb&delayLoad=false&slideShowPlaying=true,286
274,726,287,Almacén,Almacén en Seúl de Contoso,Activado,2008-10-13,2090-12-31,911,370-555-0163,370-555-0163,Not Yet Closed,50,480,2009-06-17 00:00:00,http://photosynth.net/embed.aspx?cid=a32ab621-0d0d-4029-b8e8-5dbca05625eb&delayLoad=false&slideShowPlaying=true,287
275,712,288,Almacén,Almacén en Busan de Contoso,Activado,2006-07-12,2090-12-31,912,465-555-0156,465-555-0156,Not Yet Closed,50,480,2009-06-18 00:00:00,http://photosynth.net/embed.aspx?cid=a32ab621-0d0d-4029-b8e8-5dbca05625eb&delayLoad=false&slideShowPlaying=true,288
276,711,289,Almacén,Almacén en Biskek de Contoso,Activado,2006-08-13,2090-12-31,913,238-555-0197,238-555-0197,Not Yet Closed,50,480,2009-06-16 00:00:00,http://photosynth.net/embed.aspx?cid=a32ab621-0d0d-4029-b8e8-5dbca05625eb&delayLoad=false&slideShowPlaying=true,289
277,727,290,Almacén,Almacén nº 1 en Shanghai de Contoso,Activado,2004-02-14,2090-12-31,849,708-555-0141,708-555-0141,Not Yet Closed,95,480,2009-06-18 00:00:00,http://photosynth.net/embed.aspx?cid=a32ab621-0d0d-4029-b8e8-5dbca05625eb&delayLoad=false&slideShowPlaying=true,290
278,733,291,Almacén,Almacén en Urumqi de Contoso,Activado,2005-07-15,2090-12-31,850,970-555-0138,970-555-0138,Not Yet Closed,50,480,2009-06-16 00:00:00,http://photosynth.net/embed.aspx?cid=a32ab621-0d0d-4029-b8e8-5dbca05625eb&delayLoad=false&slideShowPlaying=true,291
279,710,292,Almacén,Almacén en Pekín de Contoso,Activado,2008-07-16,2090-12-31,851,486-555-0150,486-555-0150,Not Yet Closed,86,480,2009-06-17 00:00:00,http://photosynth.net/embed.aspx?cid=a32ab621-0d0d-4029-b8e8-5dbca05625eb&delayLoad=false&slideShowPlaying=true,292
280,715,293,Almacén,Almacén en Guangzhou de Contoso,Activado,2009-07-17,2090-12-31,852,124-555-0114,124-555-0114,Not Yet Closed,131,480,2009-06-18 00:00:00,http://photosynth.net/embed.aspx?cid=a32ab621-0d0d-4029-b8e8-5dbca05625eb&delayLoad=false&slideShowPlaying=true,293
281,727,290,Almacén,Almacén nº 2 en Shanghai de Contoso,Activado,2004-03-02,2090-12-31,853,716-555-0127,716-555-0127,Not Yet Closed,95,480,2009-06-18 00:00:00,http://photosynth.net/embed.aspx?cid=a32ab621-0d0d-4029-b8e8-5dbca05625eb&delayLoad=false&slideShowPlaying=true,290
282,903,214,Almacén,Almacén nº 1 en Ottawa de Contoso,Activado,2004-04-09,2090-12-31,914,210-555-0193,210-555-0193,Not Yet Closed,95,480,2009-06-18 01:00:00,http://photosynth.net/embed.aspx?cid=a32ab621-0d0d-4029-b8e8-5dbca05625eb&delayLoad=false&slideShowPlaying=true,214
283,903,214,Almacén,Almacén nº 2 en Ottawa de Contoso,Activado,2004-05-15,2090-12-31,915,210-555-0193,210-555-0193,Not Yet Closed,95,480,2009-06-18 02:00:00,http://photosynth.net/embed.aspx?cid=a32ab621-0d0d-4029-b8e8-5dbca05625eb&delayLoad=false&slideShowPlaying=true,214
284,942,215,Almacén,Almacén nº 1 en Toronto de Contoso,Activado,2004-06-17,2090-12-31,916,210-555-0193,210-555-0193,Not Yet Closed,95,480,2009-06-18 03:00:00,http://photosynth.net/embed.aspx?cid=a32ab621-0d0d-4029-b8e8-5dbca05625eb&delayLoad=false&slideShowPlaying=true,215
285,942,215,Almacén,Almacén nº 2 en Toronto de Contoso,Activado,2003-07-29,2090-12-31,917,257-555-0154,257-555-0154,Not Yet Closed,95,480,2009-06-18 04:00:00,http://photosynth.net/embed.aspx?cid=a32ab621-0d0d-4029-b8e8-5dbca05625eb&delayLoad=false&slideShowPlaying=true,215
286,942,215,Almacén,Almacén nº 3 en Toronto de Contoso,Activado,2004-08-20,2090-12-31,918,883-555-0116,883-555-0116,Not Yet Closed,95,480,2009-06-18 05:00:00,http://photosynth.net/embed.aspx?cid=a32ab621-0d0d-4029-b8e8-5dbca05625eb&delayLoad=false&slideShowPlaying=true,215
287,881,216,Almacén,Almacén nº 1 en Montreal de Contoso,Activado,2004-09-12,2090-12-31,919,517-555-0117,517-555-0117,Not Yet Closed,95,480,2009-06-18 06:00:00,http://photosynth.net/embed.aspx?cid=a32ab621-0d0d-4029-b8e8-5dbca05625eb&delayLoad=false&slideShowPlaying=true,216
288,881,216,Almacén,Almacén nº 2 en Montreal de Contoso,Activado,2003-02-13,2090-12-31,920,922-555-0165,922-555-0165,Not Yet Closed,95,480,2009-06-18 07:00:00,http://photosynth.net/embed.aspx?cid=a32ab621-0d0d-4029-b8e8-5dbca05625eb&delayLoad=false&slideShowPlaying=true,216
289,562,217,Almacén,Almacén nº 1 en Vancouver de Contoso,Activado,2004-11-25,2090-12-31,921,664-555-0112,664-555-0112,Not Yet Closed,95,480,2009-06-18 08:00:00,http://photosynth.net/embed.aspx?cid=a32ab621-0d0d-4029-b8e8-5dbca05625eb&delayLoad=false&slideShowPlaying=true,217
290,562,217,Almacén,Almacén nº 2 en Vancouver de Contoso,Activado,2004-12-26,2090-12-31,922,340-555-0193,340-555-0193,Not Yet Closed,95,480,2009-06-18 09:00:00,http://photosynth.net/embed.aspx?cid=a32ab621-0d0d-4029-b8e8-5dbca05625eb&delayLoad=false&slideShowPlaying=true,217
291,598,218,Almacén,Almacén en Calgary de Contoso,Activado,2004-05-27,2090-12-31,923,330-555-0120,330-555-0120,Not Yet Closed,95,480,2009-06-18 10:00:00,http://photosynth.net/embed.aspx?cid=a32ab621-0d0d-4029-b8e8-5dbca05625eb&delayLoad=false&slideShowPlaying=true,218
292,731,272,Almacén,Almacén nº 2 en Thimphu de Contoso,Activado,2006-02-28,2090-12-31,924,185-555-0169,185-555-0169,Not Yet Closed,95,480,2009-06-18 11:00:00,http://photosynth.net/embed.aspx?cid=a32ab621-0d0d-4029-b8e8-5dbca05625eb&delayLoad=false&slideShowPlaying=true,272
293,716,273,Almacén,Almacén nº 2 en Hong Kong de Contoso,Activado,2007-03-29,2090-12-31,925,740-555-0182,740-555-0182,Not Yet Closed,95,480,2009-06-18 12:00:00,http://photosynth.net/embed.aspx?cid=a32ab621-0d0d-4029-b8e8-5dbca05625eb&delayLoad=false&slideShowPlaying=true,273
294,730,274,Almacén,Almacén nº 2 en Teherán de Contoso,Activado,2004-04-30,2090-12-31,926,775-555-0164,775-555-0164,Not Yet Closed,95,480,2009-06-18 13:00:00,http://photosynth.net/embed.aspx?cid=a32ab621-0d0d-4029-b8e8-5dbca05625eb&delayLoad=false&slideShowPlaying=true,274
295,714,275,Almacén,Almacén nº 2 en Damasco de Contoso,Activado,2004-05-31,2090-12-31,927,1 (11) 500 555-,1 (11) 500 555,Not Yet Closed,95,480,2009-06-18 14:00:00,http://photosynth.net/embed.aspx?cid=a32ab621-0d0d-4029-b8e8-5dbca05625eb&delayLoad=false&slideShowPlaying=true,275
296,709,276,Almacén,Almacén nº 2 en Bangkok de Contoso,Activado,2005-06-01,2090-12-31,928,1 (11) 500 555-,1 (11) 500 555,Not Yet Closed,95,480,2009-06-18 15:00:00,http://photosynth.net/embed.aspx?cid=a32ab621-0d0d-4029-b8e8-5dbca05625eb&delayLoad=false&slideShowPlaying=true,276
297,764,277,Almacén,Almacén nº 2 en Moscú de Contoso,Activado,2004-07-02,2090-12-31,929,615-555-0153,615-555-0153,Not Yet Closed,95,480,2009-06-18 16:00:00,http://photosynth.net/embed.aspx?cid=a32ab621-0d0d-4029-b8e8-5dbca05625eb&delayLoad=false&slideShowPlaying=true,277
298,708,278,Almacén,Almacén nº 2 en Asjabad de Contoso,Activado,2006-11-06,2090-12-31,930,926-555-0182,926-555-0182,Not Yet Closed,95,480,2009-06-18 17:00:00,http://photosynth.net/embed.aspx?cid=a32ab621-0d0d-4029-b8e8-5dbca05625eb&delayLoad=false&slideShowPlaying=true,278
299,717,279,Almacén,Almacén nº 2 en Islamabad de Contoso,Activado,2007-12-07,2090-12-31,931,1 (11) 500 555-,1 (11) 500 555,Not Yet Closed,95,480,2009-06-18 18:00:00,http://photosynth.net/embed.aspx?cid=a32ab621-0d0d-4029-b8e8-5dbca05625eb&delayLoad=false&slideShowPlaying=true,279
300,558,294,Almacén,Almacén nº 2 en Sidney de Contoso,Activado,2004-03-18,2090-12-31,932,1 (11) 500 555-,1 (11) 500 555,Not Yet Closed,95,480,2009-06-18 19:00:00,http://photosynth.net/embed.aspx?cid=a32ab621-0d0d-4029-b8e8-5dbca05625eb&delayLoad=false&slideShowPlaying=true,294
301,724,283,Almacén,Almacén nº 2 en Osaka de Contoso,Activado,2007-03-19,2090-12-31,933,380-558-0193,380-558-0193,Not Yet Closed,95,480,2009-06-18 20:00:00,http://photosynth.net/embed.aspx?cid=a32ab621-0d0d-4029-b8e8-5dbca05625eb&delayLoad=false&slideShowPlaying=true,283
302,729,24,Almacén,Almacén en Taipei de Contoso,Activado,2004-07-19,2090-12-31,935,830-555-0128,830-555-0128,Not Yet Closed,95,480,2009-06-18 21:00:00,http://photosynth.net/embed.aspx?cid=a32ab621-0d0d-4029-b8e8-5dbca05625eb&delayLoad=false&slideShowPlaying=true,24
303,757,25,Almacén,Almacén en Lisboa de Contoso,Activado,2004-09-20,2090-12-31,936,290-666-8960,290-666-8960,Not Yet Closed,95,480,2009-06-18 22:00:00,http://photosynth.net/embed.aspx?cid=a32ab621-0d0d-4029-b8e8-5dbca05625eb&delayLoad=false&slideShowPlaying=true,25
304,772,14,Almacén,Almacén en San Petersburgo de Contoso,Activado,2004-06-07,2090-12-31,942,510-555-0118,517-555-0118,Not Yet Closed,95,480,2009-06-19 00:00:00,http://photosynth.net/embed.aspx?cid=a32ab621-0d0d-4029-b8e8-5dbca05625eb&delayLoad=false&slideShowPlaying=true,14
305,768,15,Almacén,Almacén en Nizhny Novgorod de Contoso,Activado,2004-03-15,2090-12-31,944,511-555-0119,511-555-0119,Not Yet Closed,95,480,2009-06-20 00:00:00,http://photosynth.net/embed.aspx?cid=a32ab621-0d0d-4029-b8e8-5dbca05625eb&delayLoad=false&slideShowPlaying=true,15
306,586,246,En línea,Tienda en línea en Europa de Contoso,Activado,2004-09-03,2090-12-31,945,731-555-0117,731-555-0117,Not Yet Closed,7,1000,2009-06-18 00:00:00,http://photosynth.net/embed.aspx?cid=a32ab621-0d0d-4029-b8e8-5dbca05625eb&delayLoad=false&slideShowPlaying=true,246
307,710,292,En línea,Tienda en línea en Asia de Contoso,Activado,2004-10-11,2090-12-31,946,55-555-0117,55-555-0117,Not Yet Closed,8,93800,2009-06-18 00:00:00,http://photosynth.net/embed.aspx?cid=a32ab621-0d0d-4029-b8e8-5dbca05625eb&delayLoad=false&slideShowPlaying=true,292
308,693,35,Distribuidor,Distribuidor en Norteamérica de Contoso,Activado,2004-03-08,2090-12-31,947,55-555-0118,55-555-0118,Not Yet Closed,15,450,2008-06-05 00:00:00,http://photosynth.net/embed.aspx?cid=a32ab621-0d0d-4029-b8e8-5dbca05625eb&delayLoad=false&slideShowPlaying=true,35
309,529,233,Distribuidor,Distribuidor en Europa de Contoso,Activado,2004-05-07,2090-12-31,948,55-555-0119,55-555-0119,Not Yet Closed,12,551,2008-06-05 00:00:00,http://photosynth.net/embed.aspx?cid=a32ab621-0d0d-4029-b8e8-5dbca05625eb&delayLoad=false&slideShowPlaying=true,233
310,710,292,Distribuidor,Distribuidor en Asia de Contoso,Activado,2004-07-15,2090-12-31,949,55-555-0120,55-555-0120,Not Yet Closed,17,93800,2008-11-05 00:00:00,http://photosynth.net/embed.aspx?cid=a32ab621-0d0d-4029-b8e8-5dbca05625eb&delayLoad=false&slideShowPlaying=true,292
